variable_type,phenotype,data_source,code,description
covariate_smoking,smoking_status_ex,GDPPR,1092031000000108,Ex-smoker amount unknown
covariate_smoking,smoking_status_ex,GDPPR,1092041000000104,Ex-very heavy smoker (40+/day)
covariate_smoking,smoking_status_ex,GDPPR,1092071000000105,Ex-heavy smoker (20-39/day)
covariate_smoking,smoking_status_ex,GDPPR,1092091000000109,Ex-moderate smoker (10-19/day)
covariate_smoking,smoking_status_ex,GDPPR,1092111000000104,Ex-light smoker (1-9/day)
covariate_smoking,smoking_status_ex,GDPPR,1092131000000107,Ex-trivial smoker (<1/day)
covariate_smoking,smoking_status_ex,GDPPR,160617001,Stopped smoking
covariate_smoking,smoking_status_ex,GDPPR,160620009,Ex-pipe smoker
covariate_smoking,smoking_status_ex,GDPPR,160621008,Ex-cigar smoker
covariate_smoking,smoking_status_ex,GDPPR,160625004,Date ceased smoking
covariate_smoking,smoking_status_ex,GDPPR,228486009,Time since stopped smoking
covariate_smoking,smoking_status_ex,GDPPR,266921000,Ex-trivial cigarette smoker (<1/day)
covariate_smoking,smoking_status_ex,GDPPR,266922007,Ex-light cigarette smoker (1-9/day)
covariate_smoking,smoking_status_ex,GDPPR,266923002,Ex-moderate cigarette smoker (10-19/day)
covariate_smoking,smoking_status_ex,GDPPR,266924008,Ex-heavy cigarette smoker (20-39/day)
covariate_smoking,smoking_status_ex,GDPPR,266925009,Ex-very heavy cigarette smoker (40+/day)
covariate_smoking,smoking_status_ex,GDPPR,266928006,Ex-cigarette smoker amount unknown
covariate_smoking,smoking_status_ex,GDPPR,281018007,Ex-cigarette smoker
covariate_smoking,smoking_status_ex,GDPPR,360890004,Intolerant ex-smoker
covariate_smoking,smoking_status_ex,GDPPR,360900008,Aggressive ex-smoker
covariate_smoking,smoking_status_ex,GDPPR,48031000119106,Ex-smoker for more than 1 year
covariate_smoking,smoking_status_ex,GDPPR,492191000000103,Ex roll-up cigarette smoker
covariate_smoking,smoking_status_ex,GDPPR,53896009,Tolerant ex-smoker
covariate_smoking,smoking_status_ex,GDPPR,735112005,Date ceased using moist tobacco
covariate_smoking,smoking_status_ex,GDPPR,735128000,Ex-smoker for less than 1 year
covariate_smoking,smoking_status_ex,GDPPR,8517006,Ex-smoker
covariate_smoking,smoking_status_current,GDPPR,134406006,Smoking reduced
covariate_smoking,smoking_status_current,GDPPR,160603005,Light cigarette smoker (1-9 cigs/day)
covariate_smoking,smoking_status_current,GDPPR,160604004,Moderate cigarette smoker (10-19 cigs/day)
covariate_smoking,smoking_status_current,GDPPR,160605003,Heavy cigarette smoker (20-39 cigs/day)
covariate_smoking,smoking_status_current,GDPPR,160606002,Very heavy cigarette smoker (40+ cigs/day)
covariate_smoking,smoking_status_current,GDPPR,160612007,Keeps trying to stop smoking
covariate_smoking,smoking_status_current,GDPPR,160613002,Admitted tobacco consumption possibly untrue
covariate_smoking,smoking_status_current,GDPPR,160616005,Trying to give up smoking
covariate_smoking,smoking_status_current,GDPPR,160619003,Rolls own cigarettes
covariate_smoking,smoking_status_current,GDPPR,203191000000107,Wants to stop smoking
covariate_smoking,smoking_status_current,GDPPR,225934006,Smokes in bed
covariate_smoking,smoking_status_current,GDPPR,230056004,Cigarette consumption
covariate_smoking,smoking_status_current,GDPPR,230057008,Cigar consumption
covariate_smoking,smoking_status_current,GDPPR,230058003,Pipe tobacco consumption
covariate_smoking,smoking_status_current,GDPPR,230059006,Occasional cigarette smoker
covariate_smoking,smoking_status_current,GDPPR,230060001,Light cigarette smoker
covariate_smoking,smoking_status_current,GDPPR,230062009,Moderate cigarette smoker
covariate_smoking,smoking_status_current,GDPPR,230063004,Heavy cigarette smoker
covariate_smoking,smoking_status_current,GDPPR,230064005,Very heavy cigarette smoker
covariate_smoking,smoking_status_current,GDPPR,230065006,Chain smoker
covariate_smoking,smoking_status_current,GDPPR,266918002,Tobacco smoking consumption
covariate_smoking,smoking_status_current,GDPPR,266920004,Trivial cigarette smoker (less than one cigarette/day)
covariate_smoking,smoking_status_current,GDPPR,266929003,Smoking started
covariate_smoking,smoking_status_current,GDPPR,308438006,Smoking restarted
covariate_smoking,smoking_status_current,GDPPR,394871007,Thinking about stopping smoking
covariate_smoking,smoking_status_current,GDPPR,394872000,Ready to stop smoking
covariate_smoking,smoking_status_current,GDPPR,394873005,Not interested in stopping smoking
covariate_smoking,smoking_status_current,GDPPR,401159003,Reason for restarting smoking
covariate_smoking,smoking_status_current,GDPPR,413173009,Minutes from waking to first tobacco consumption
covariate_smoking,smoking_status_current,GDPPR,428041000124106,Occasional tobacco smoker
covariate_smoking,smoking_status_current,GDPPR,446172000,Failed attempt to stop smoking
covariate_smoking,smoking_status_current,GDPPR,449868002,Smokes tobacco daily
covariate_smoking,smoking_status_current,GDPPR,56578002,Moderate smoker (20 or less per day)
covariate_smoking,smoking_status_current,GDPPR,56771006,Heavy smoker (over 20 per day)
covariate_smoking,smoking_status_current,GDPPR,59978006,Cigar smoker
covariate_smoking,smoking_status_current,GDPPR,65568007,Cigarette smoker
covariate_smoking,smoking_status_current,GDPPR,77176002,Smoker
covariate_smoking,smoking_status_current,GDPPR,82302008,Pipe smoker
covariate_smoking,smoking_status_current,GDPPR,836001000000109,Waterpipe tobacco consumption
covariate_smoking,smoking_status_never,GDPPR,221000119102,Never smoked any substance
covariate_smoking,smoking_status_never,GDPPR,266919005,Never smoked tobacco
covariate_measures,body_mass_index,GDPPR,301331008,Finding of body mass index
covariate_measures,body_mass_index,GDPPR,60621009,Body mass index
covariate_measures,body_mass_index,GDPPR,846931000000101,Baseline body mass index
covariate_measures,systolic_blood_pressure,GDPPR,198081000000101,Ambulatory systolic blood pressure
covariate_measures,systolic_blood_pressure,GDPPR,251070002,Non-invasive systolic arterial pressure
covariate_measures,systolic_blood_pressure,GDPPR,271649006,Systolic blood pressure
covariate_measures,systolic_blood_pressure,GDPPR,314438006,Minimum systolic blood pressure
covariate_measures,systolic_blood_pressure,GDPPR,314439003,Maximum systolic blood pressure
covariate_measures,systolic_blood_pressure,GDPPR,314440001,Average systolic blood pressure
covariate_measures,systolic_blood_pressure,GDPPR,314441002,Minimum day interval systolic blood pressure
covariate_measures,systolic_blood_pressure,GDPPR,314444005,Maximum day interval systolic blood pressure
covariate_measures,systolic_blood_pressure,GDPPR,314445006,Average night interval systolic blood pressure
covariate_measures,systolic_blood_pressure,GDPPR,314446007,Average day interval systolic blood pressure
covariate_measures,systolic_blood_pressure,GDPPR,314447003,Minimum 24 hour systolic blood pressure
covariate_measures,systolic_blood_pressure,GDPPR,314448008,Maximum 24 hour systolic blood pressure
covariate_measures,systolic_blood_pressure,GDPPR,314449000,Average 24 hour systolic blood pressure
covariate_measures,systolic_blood_pressure,GDPPR,314464000,24 hour systolic blood pressure
covariate_measures,systolic_blood_pressure,GDPPR,400974009,Standing systolic blood pressure
covariate_measures,systolic_blood_pressure,GDPPR,407554009,Sitting systolic blood pressure
covariate_measures,systolic_blood_pressure,GDPPR,407556006,Lying systolic blood pressure
covariate_measures,systolic_blood_pressure,GDPPR,413606001,Average home systolic blood pressure
covariate_measures,systolic_blood_pressure,GDPPR,707303003,Post exercise systolic blood pressure response abnormal
covariate_measures,systolic_blood_pressure,GDPPR,716579001,Baseline systolic blood pressure
covariate_measures,systolic_blood_pressure,GDPPR,72313002,Systolic arterial pressure
covariate_measures,egfr,GDPPR,1011481000000105,Estimated glomerular filtration rate using creatinine Chronic Kidney Disease Epidemiology Collaboration equation per 1.73 square metres
covariate_measures,egfr,GDPPR,1011491000000107,Estimated glomerular filtration rate using cystatin C Chronic Kidney Disease Epidemiology Collaboration equation per 1.73 square metres
covariate_measures,egfr,GDPPR,1020291000000106,Glomerular filtration rate calculated by abbreviated Modification of Diet in Renal Disease Study Group calculation
covariate_measures,egfr,GDPPR,857971000000104,Estimated glomerular filtration rate using Chronic Kidney Disease Epidemiology Collaboration formula
covariate_measures,egfr,GDPPR,996231000000108,Glomerular filtration rate calculated by abbreviated Modification of Diet in Renal Disease Study Group calculation adjusted for African American origin
covariate_measures,glycated_haemoglobin,GDPPR,1003671000000109,Haemoglobin A1c level
covariate_measures,glycated_haemoglobin,GDPPR,144176003,Haemoglobin A1c level
covariate_measures,glycated_haemoglobin,GDPPR,166902009,Haemoglobin A1c level
covariate_measures,glycated_haemoglobin,GDPPR,313835008,Hemoglobin A1c measurement aligned to the Diabetes Control and Complications Trial
covariate_measures,glycated_haemoglobin,GDPPR,365845005,Hemoglobin A1C - diabetic control finding
covariate_measures,glycated_haemoglobin,GDPPR,371981000000106,Haemoglobin A1c measurement - International Federation of Clinical Chemistry and Laboratory Medicine standardised
covariate_measures,glycated_haemoglobin,GDPPR,43396009,Hemoglobin A1c measurement
covariate_measures,glycated_haemoglobin,GDPPR,491841000000105,Haemoglobin A1c level
covariate_measures,glycated_haemoglobin,GDPPR,567641000000108,Haemoglobin A1C - diabetic control NOS
covariate_measures,glycated_haemoglobin,GDPPR,999791000000106,Haemoglobin A1c level - International Federation of Clinical Chemistry and Laboratory Medicine standardised
covariate_measures,total_cholesterol,GDPPR,1015681000000109,Serum cholesterol/high density lipoprotein ratio
covariate_measures,total_cholesterol,GDPPR,1015691000000106,Plasma cholesterol/high density lipoprotein ratio
covariate_measures,total_cholesterol,GDPPR,1028551000000102,Total cholesterol:high density lipoprotein ratio
covariate_measures,total_cholesterol,GDPPR,313811003,Cholesterol/High density lipoprotein ratio measurement
covariate_measures,hdl_cholesterol,GDPPR,1005681000000107,Serum high density lipoprotein cholesterol level
covariate_measures,hdl_cholesterol,GDPPR,1010581000000101,Plasma high density lipoprotein cholesterol level
covariate_measures,hdl_cholesterol,GDPPR,1026451000000102,Serum fasting high density lipoprotein cholesterol level
covariate_measures,hdl_cholesterol,GDPPR,1026461000000104,Serum random high density lipoprotein cholesterol level
covariate_measures,hdl_cholesterol,GDPPR,1028831000000106,Plasma random high density lipoprotein cholesterol level
covariate_measures,hdl_cholesterol,GDPPR,1028841000000102,Plasma fasting high density lipoprotein cholesterol level
covariate_measures,hdl_cholesterol,GDPPR,1107661000000104,Substance concentration of high density lipoprotein cholesterol in plasma
covariate_measures,hdl_cholesterol,GDPPR,1107681000000108,Substance concentration of high density lipoprotein cholesterol in serum
covariate_comorbidities,cci_ami,HES-APC,I21,Acute myocardial infarction
covariate_comorbidities,cci_ami,HES-APC,I22,Subsequent myocardial infarction
covariate_comorbidities,cci_ami,HES-APC,I252,Old myocardial infarction
covariate_comorbidities,cci_chf,HES-APC,I255,Ischaemic cardiomyopathy
covariate_comorbidities,cci_chf,HES-APC,I425,Other restrictive cardiomyopathy
covariate_comorbidities,cci_chf,HES-APC,I130,Hypertensive heart and renal disease with (congestive) heart failure
covariate_comorbidities,cci_chf,HES-APC,I429,"Cardiomyopathy, unspecified"
covariate_comorbidities,cci_chf,HES-APC,P290,Neonatal cardiac failure
covariate_comorbidities,cci_chf,HES-APC,I427,Cardiomyopathy due to drugs and other external agents
covariate_comorbidities,cci_chf,HES-APC,I099,"Rheumatic heart disease, unspecified"
covariate_comorbidities,cci_chf,HES-APC,I428,Other cardiomyopathies
covariate_comorbidities,cci_chf,HES-APC,I132,Hypertensive heart and renal disease with both (congestive) heart failure and renal failure
covariate_comorbidities,cci_chf,HES-APC,I420,Dilated cardiomyopathy
covariate_comorbidities,cci_chf,HES-APC,I43,Cardiomyopathy in diseases classified elsewhere
covariate_comorbidities,cci_chf,HES-APC,I110,Hypertensive heart disease with (congestive) heart failure
covariate_comorbidities,cci_chf,HES-APC,I426,Alcoholic cardiomyopathy
covariate_comorbidities,cci_chf,HES-APC,I50,Heart failure
covariate_comorbidities,cci_pvd,HES-APC,Z959,"Presence of cardiac and vascular implant and graft, unspecified"
covariate_comorbidities,cci_pvd,HES-APC,I771,Stricture of artery
covariate_comorbidities,cci_pvd,HES-APC,I790,Aneurysm of aorta in diseases classified elsewhere
covariate_comorbidities,cci_pvd,HES-APC,K551,Chronic vascular disorders of intestine
covariate_comorbidities,cci_pvd,HES-APC,K559,"Vascular disorder of intestine, unspecified"
covariate_comorbidities,cci_pvd,HES-APC,I739,"Peripheral vascular disease, unspecified"
covariate_comorbidities,cci_pvd,HES-APC,I738,Other specified peripheral vascular diseases
covariate_comorbidities,cci_pvd,HES-APC,I792,Peripheral angiopathy in diseases classified elsewhere
covariate_comorbidities,cci_pvd,HES-APC,I71,Aortic aneurysm and dissection
covariate_comorbidities,cci_pvd,HES-APC,I731,Thromboangiitis obliterans [Buerger]
covariate_comorbidities,cci_pvd,HES-APC,I70,Atherosclerosis
covariate_comorbidities,cci_pvd,HES-APC,K558,Other vascular disorders of intestine
covariate_comorbidities,cci_pvd,HES-APC,Z958,Presence of other cardiac and vascular implants and grafts
covariate_comorbidities,cci_cevd,HES-APC,G46,Vascular syndromes of brain in cerebrovascular diseases
covariate_comorbidities,cci_cevd,HES-APC,I61,Intracerebral haemorrhage
covariate_comorbidities,cci_cevd,HES-APC,I62,Other nontraumatic intracranial haemorrhage
covariate_comorbidities,cci_cevd,HES-APC,H340,Transient retinal artery occlusion
covariate_comorbidities,cci_cevd,HES-APC,I68,Cerebrovascular disorders in diseases classified elsewhere
covariate_comorbidities,cci_cevd,HES-APC,I67,Other cerebrovascular diseases
covariate_comorbidities,cci_cevd,HES-APC,I65,"Occlusion and stenosis of precerebral arteries, not resulting in cerebral infarction"
covariate_comorbidities,cci_cevd,HES-APC,I60,Subarachnoid haemorrhage
covariate_comorbidities,cci_cevd,HES-APC,G45,Transient cerebral ischaemic attacks and related syndromes
covariate_comorbidities,cci_cevd,HES-APC,I69,Sequelae of cerebrovascular disease
covariate_comorbidities,cci_cevd,HES-APC,I66,"Occlusion and stenosis of cerebral arteries, not resulting in cerebral infarction"
covariate_comorbidities,cci_cevd,HES-APC,I64,"Stroke, not specified as haemorrhage or infarction"
covariate_comorbidities,cci_cevd,HES-APC,I63,Cerebral infarction
covariate_comorbidities,cci_dementia,HES-APC,F03,Unspecified dementia
covariate_comorbidities,cci_dementia,HES-APC,F051,Delirium superimposed on dementia
covariate_comorbidities,cci_dementia,HES-APC,F01,Vascular dementia
covariate_comorbidities,cci_dementia,HES-APC,F00,Dementia in Alzheimer disease
covariate_comorbidities,cci_dementia,HES-APC,F02,Dementia in other diseases classified elsewhere
covariate_comorbidities,cci_dementia,HES-APC,G30,Alzheimer disease
covariate_comorbidities,cci_dementia,HES-APC,G311,"Senile degeneration of brain, not elsewhere classified"
covariate_comorbidities,cci_cpd,HES-APC,J46,Status asthmaticus
covariate_comorbidities,cci_cpd,HES-APC,J701,Chronic and other pulmonary manifestations due to radiation
covariate_comorbidities,cci_cpd,HES-APC,I278,Other specified pulmonary heart diseases
covariate_comorbidities,cci_cpd,HES-APC,J45,Asthma
covariate_comorbidities,cci_cpd,HES-APC,I279,"Pulmonary heart disease, unspecified"
covariate_comorbidities,cci_cpd,HES-APC,J40,"Bronchitis, not specified as acute or chronic"
covariate_comorbidities,cci_cpd,HES-APC,J63,Pneumoconiosis due to other inorganic dusts
covariate_comorbidities,cci_cpd,HES-APC,J62,Pneumoconiosis due to dust containing silica
covariate_comorbidities,cci_cpd,HES-APC,J60,Coalworker pneumoconiosis
covariate_comorbidities,cci_cpd,HES-APC,J42,Unspecified chronic bronchitis
covariate_comorbidities,cci_cpd,HES-APC,J65,Pneumoconiosis associated with tuberculosis
covariate_comorbidities,cci_cpd,HES-APC,J703,Chronic drug-induced interstitial lung disorders
covariate_comorbidities,cci_cpd,HES-APC,J61,Pneumoconiosis due to asbestos and other mineral fibres
covariate_comorbidities,cci_cpd,HES-APC,J684,"Chronic respiratory conditions due to chemicals, gases, fumes and vapours"
covariate_comorbidities,cci_cpd,HES-APC,J67,Hypersensitivity pneumonitis due to organic dust
covariate_comorbidities,cci_cpd,HES-APC,J43,Emphysema
covariate_comorbidities,cci_cpd,HES-APC,J47,Bronchiectasis
covariate_comorbidities,cci_cpd,HES-APC,J44,Other chronic obstructive pulmonary disease
covariate_comorbidities,cci_cpd,HES-APC,J64,Unspecified pneumoconiosis
covariate_comorbidities,cci_cpd,HES-APC,J66,Airway disease due to specific organic dust
covariate_comorbidities,cci_cpd,HES-APC,J41,Simple and mucopurulent chronic bronchitis
covariate_comorbidities,cci_rheumd,HES-APC,M05,Seropositive rheumatoid arthritis
covariate_comorbidities,cci_rheumd,HES-APC,M33,Dermatopolymyositis
covariate_comorbidities,cci_rheumd,HES-APC,M353,Polymyalgia rheumatica
covariate_comorbidities,cci_rheumd,HES-APC,M351,Other overlap syndromes
covariate_comorbidities,cci_rheumd,HES-APC,M315,Giant cell arteritis with polymyalgia rheumatica
covariate_comorbidities,cci_rheumd,HES-APC,M360,Dermato(poly)myositis in neoplastic disease
covariate_comorbidities,cci_rheumd,HES-APC,M34,Systemic sclerosis
covariate_comorbidities,cci_rheumd,HES-APC,M32,Systemic lupus erythematosus
covariate_comorbidities,cci_rheumd,HES-APC,M06,Other rheumatoid arthritis
covariate_comorbidities,cci_pud,HES-APC,K27,"Peptic ulcer, site unspecified"
covariate_comorbidities,cci_pud,HES-APC,K28,Gastrojejunal ulcer
covariate_comorbidities,cci_pud,HES-APC,K25,Gastric ulcer
covariate_comorbidities,cci_pud,HES-APC,K26,Duodenal ulcer
covariate_comorbidities,cci_hp,HES-APC,G839,"Paralytic syndrome, unspecified"
covariate_comorbidities,cci_hp,HES-APC,G832,Monoplegia of upper limb
covariate_comorbidities,cci_hp,HES-APC,G81,Hemiplegia
covariate_comorbidities,cci_hp,HES-APC,G802,Spastic hemiplegic cerebral palsy
covariate_comorbidities,cci_hp,HES-APC,G041,Tropical spastic paraplegia
covariate_comorbidities,cci_hp,HES-APC,G834,Cauda equina syndrome
covariate_comorbidities,cci_hp,HES-APC,G833,"Monoplegia, unspecified"
covariate_comorbidities,cci_hp,HES-APC,G831,Monoplegia of lower limb
covariate_comorbidities,cci_hp,HES-APC,G830,Diplegia of upper limbs
covariate_comorbidities,cci_hp,HES-APC,G801,Spastic diplegic cerebral palsy
covariate_comorbidities,cci_hp,HES-APC,G114,Hereditary spastic paraplegia
covariate_comorbidities,cci_hp,HES-APC,G82,Paraplegia and tetraplegia
covariate_comorbidities,cci_diab,HES-APC,E148,Unspecified diabetes mellitus
covariate_comorbidities,cci_diab,HES-APC,E109,Type 1 diabetes mellitus
covariate_comorbidities,cci_diab,HES-APC,E111,Type 2 diabetes mellitus
covariate_comorbidities,cci_diab,HES-APC,E130,Other specified diabetes mellitus
covariate_comorbidities,cci_diab,HES-APC,E101,Type 1 diabetes mellitus
covariate_comorbidities,cci_diab,HES-APC,E100,Type 1 diabetes mellitus
covariate_comorbidities,cci_diab,HES-APC,E138,Other specified diabetes mellitus
covariate_comorbidities,cci_diab,HES-APC,E129,Malnutrition-related diabetes mellitus
covariate_comorbidities,cci_diab,HES-APC,E108,Type 1 diabetes mellitus
covariate_comorbidities,cci_diab,HES-APC,E131,Other specified diabetes mellitus
covariate_comorbidities,cci_diab,HES-APC,E146,Unspecified diabetes mellitus
covariate_comorbidities,cci_diab,HES-APC,E141,Unspecified diabetes mellitus
covariate_comorbidities,cci_diab,HES-APC,E118,Type 2 diabetes mellitus
covariate_comorbidities,cci_diab,HES-APC,E116,Type 2 diabetes mellitus
covariate_comorbidities,cci_diab,HES-APC,E121,Malnutrition-related diabetes mellitus
covariate_comorbidities,cci_diab,HES-APC,E139,Other specified diabetes mellitus
covariate_comorbidities,cci_diab,HES-APC,E149,Unspecified diabetes mellitus
covariate_comorbidities,cci_diab,HES-APC,E128,Malnutrition-related diabetes mellitus
covariate_comorbidities,cci_diab,HES-APC,E140,Unspecified diabetes mellitus
covariate_comorbidities,cci_diab,HES-APC,E106,Type 1 diabetes mellitus
covariate_comorbidities,cci_diab,HES-APC,E136,Other specified diabetes mellitus
covariate_comorbidities,cci_diab,HES-APC,E119,Type 2 diabetes mellitus
covariate_comorbidities,cci_diab,HES-APC,E126,Malnutrition-related diabetes mellitus
covariate_comorbidities,cci_diab,HES-APC,E120,Malnutrition-related diabetes mellitus
covariate_comorbidities,cci_diab,HES-APC,E110,Type 2 diabetes mellitus
covariate_comorbidities,cci_diabwc,HES-APC,E144,Unspecified diabetes mellitus
covariate_comorbidities,cci_diabwc,HES-APC,E104,Type 1 diabetes mellitus
covariate_comorbidities,cci_diabwc,HES-APC,E127,Malnutrition-related diabetes mellitus
covariate_comorbidities,cci_diabwc,HES-APC,E132,Other specified diabetes mellitus
covariate_comorbidities,cci_diabwc,HES-APC,E123,Malnutrition-related diabetes mellitus
covariate_comorbidities,cci_diabwc,HES-APC,E125,Malnutrition-related diabetes mellitus
covariate_comorbidities,cci_diabwc,HES-APC,E143,Unspecified diabetes mellitus
covariate_comorbidities,cci_diabwc,HES-APC,E133,Other specified diabetes mellitus
covariate_comorbidities,cci_diabwc,HES-APC,E122,Malnutrition-related diabetes mellitus
covariate_comorbidities,cci_diabwc,HES-APC,E113,Type 2 diabetes mellitus
covariate_comorbidities,cci_diabwc,HES-APC,E137,Other specified diabetes mellitus
covariate_comorbidities,cci_diabwc,HES-APC,E117,Type 2 diabetes mellitus
covariate_comorbidities,cci_diabwc,HES-APC,E134,Other specified diabetes mellitus
covariate_comorbidities,cci_diabwc,HES-APC,E124,Malnutrition-related diabetes mellitus
covariate_comorbidities,cci_diabwc,HES-APC,E145,Unspecified diabetes mellitus
covariate_comorbidities,cci_diabwc,HES-APC,E105,Type 1 diabetes mellitus
covariate_comorbidities,cci_diabwc,HES-APC,E114,Type 2 diabetes mellitus
covariate_comorbidities,cci_diabwc,HES-APC,E112,Type 2 diabetes mellitus
covariate_comorbidities,cci_diabwc,HES-APC,E103,Type 1 diabetes mellitus
covariate_comorbidities,cci_diabwc,HES-APC,E135,Other specified diabetes mellitus
covariate_comorbidities,cci_diabwc,HES-APC,E107,Type 1 diabetes mellitus
covariate_comorbidities,cci_diabwc,HES-APC,E115,Type 2 diabetes mellitus
covariate_comorbidities,cci_diabwc,HES-APC,E142,Unspecified diabetes mellitus
covariate_comorbidities,cci_diabwc,HES-APC,E147,Unspecified diabetes mellitus
covariate_comorbidities,cci_diabwc,HES-APC,E102,Type 1 diabetes mellitus
covariate_comorbidities,cci_mld,HES-APC,K714,Toxic liver disease with chronic lobular hepatitis
covariate_comorbidities,cci_mld,HES-APC,K762,Central haemorrhagic necrosis of liver
covariate_comorbidities,cci_mld,HES-APC,K717,Toxic liver disease with fibrosis and cirrhosis of liver
covariate_comorbidities,cci_mld,HES-APC,K713,Toxic liver disease with chronic persistent hepatitis
covariate_comorbidities,cci_mld,HES-APC,B18,Chronic viral hepatitis
covariate_comorbidities,cci_mld,HES-APC,K702,Alcoholic fibrosis and sclerosis of liver
covariate_comorbidities,cci_mld,HES-APC,K769,"Liver disease, unspecified"
covariate_comorbidities,cci_mld,HES-APC,K715,Toxic liver disease with chronic active hepatitis
covariate_comorbidities,cci_mld,HES-APC,K760,"Fatty (change of) liver, not elsewhere classified"
covariate_comorbidities,cci_mld,HES-APC,K700,Alcoholic fatty liver
covariate_comorbidities,cci_mld,HES-APC,Z944,Liver transplant status
covariate_comorbidities,cci_mld,HES-APC,K763,Infarction of liver
covariate_comorbidities,cci_mld,HES-APC,K709,"Alcoholic liver disease, unspecified"
covariate_comorbidities,cci_mld,HES-APC,K764,Peliosis hepatis
covariate_comorbidities,cci_mld,HES-APC,K73,"Chronic hepatitis, not elsewhere classified"
covariate_comorbidities,cci_mld,HES-APC,K768,Other specified diseases of liver
covariate_comorbidities,cci_mld,HES-APC,K74,Fibrosis and cirrhosis of liver
covariate_comorbidities,cci_mld,HES-APC,K703,Alcoholic cirrhosis of liver
covariate_comorbidities,cci_mld,HES-APC,K701,Alcoholic hepatitis
covariate_comorbidities,cci_msld,HES-APC,K729,"Hepatic failure, unspecified"
covariate_comorbidities,cci_msld,HES-APC,I864,Gastric varices
covariate_comorbidities,cci_msld,HES-APC,K765,Hepatic veno-occlusive disease
covariate_comorbidities,cci_msld,HES-APC,I850,Oesophageal varices with bleeding
covariate_comorbidities,cci_msld,HES-APC,K721,Chronic hepatic failure
covariate_comorbidities,cci_msld,HES-APC,K704,Alcoholic hepatic failure
covariate_comorbidities,cci_msld,HES-APC,I982,Oesophageal varices without bleeding in diseases classified elsewhere
covariate_comorbidities,cci_msld,HES-APC,I859,Oesophageal varices without bleeding
covariate_comorbidities,cci_msld,HES-APC,K767,Hepatorenal syndrome
covariate_comorbidities,cci_msld,HES-APC,K711,Toxic liver disease with hepatic necrosis
covariate_comorbidities,cci_msld,HES-APC,K766,Portal hypertension
covariate_comorbidities,cci_rend,HES-APC,N035,Chronic nephritic syndrome
covariate_comorbidities,cci_rend,HES-APC,Z491,Extracorporeal dialysis
covariate_comorbidities,cci_rend,HES-APC,N036,Chronic nephritic syndrome
covariate_comorbidities,cci_rend,HES-APC,N032,Chronic nephritic syndrome
covariate_comorbidities,cci_rend,HES-APC,N054,Unspecified nephritic syndrome
covariate_comorbidities,cci_rend,HES-APC,N052,Unspecified nephritic syndrome
covariate_comorbidities,cci_rend,HES-APC,Z492,Other dialysis
covariate_comorbidities,cci_rend,HES-APC,N18,Chronic kidney disease
covariate_comorbidities,cci_rend,HES-APC,N037,Chronic nephritic syndrome
covariate_comorbidities,cci_rend,HES-APC,N250,Renal osteodystrophy
covariate_comorbidities,cci_rend,HES-APC,N033,Chronic nephritic syndrome
covariate_comorbidities,cci_rend,HES-APC,Z992,Dependence on renal dialysis
covariate_comorbidities,cci_rend,HES-APC,N057,Unspecified nephritic syndrome
covariate_comorbidities,cci_rend,HES-APC,N056,Unspecified nephritic syndrome
covariate_comorbidities,cci_rend,HES-APC,N055,Unspecified nephritic syndrome
covariate_comorbidities,cci_rend,HES-APC,I120,Hypertensive renal disease with renal failure
covariate_comorbidities,cci_rend,HES-APC,I131,Hypertensive heart and renal disease with renal failure
covariate_comorbidities,cci_rend,HES-APC,N053,Unspecified nephritic syndrome
covariate_comorbidities,cci_rend,HES-APC,N19,Unspecified kidney failure
covariate_comorbidities,cci_rend,HES-APC,Z940,Kidney transplant status
covariate_comorbidities,cci_rend,HES-APC,Z490,Preparatory care for dialysis
covariate_comorbidities,cci_rend,HES-APC,N034,Chronic nephritic syndrome
covariate_comorbidities,cci_canc,HES-APC,C21,Malignant neoplasm of anus and anal canal
covariate_comorbidities,cci_canc,HES-APC,C11,Malignant neoplasm of nasopharynx
covariate_comorbidities,cci_canc,HES-APC,C65,Malignant neoplasm of renal pelvis
covariate_comorbidities,cci_canc,HES-APC,C06,Malignant neoplasm of other and unspecified parts of mouth
covariate_comorbidities,cci_canc,HES-APC,C90,Multiple myeloma and malignant plasma cell neoplasms
covariate_comorbidities,cci_canc,HES-APC,C39,Malignant neoplasm of other and ill-defined sites in the respiratory system and intrathoracic organs
covariate_comorbidities,cci_canc,HES-APC,C12,Malignant neoplasm of piriform sinus
covariate_comorbidities,cci_canc,HES-APC,C55,"Malignant neoplasm of uterus, part unspecified"
covariate_comorbidities,cci_canc,HES-APC,C54,Malignant neoplasm of corpus uteri
covariate_comorbidities,cci_canc,HES-APC,C00,Malignant neoplasm of lip
covariate_comorbidities,cci_canc,HES-APC,C76,Malignant neoplasm of other and ill-defined sites
covariate_comorbidities,cci_canc,HES-APC,C66,Malignant neoplasm of ureter
covariate_comorbidities,cci_canc,HES-APC,C52,Malignant neoplasm of vagina
covariate_comorbidities,cci_canc,HES-APC,C38,"Malignant neoplasm of heart, mediastinum and pleura"
covariate_comorbidities,cci_canc,HES-APC,C24,Malignant neoplasm of other and unspecified parts of biliary tract
covariate_comorbidities,cci_canc,HES-APC,C02,Malignant neoplasm of other and unspecified parts of tongue
covariate_comorbidities,cci_canc,HES-APC,C31,Malignant neoplasm of accessory sinuses
covariate_comorbidities,cci_canc,HES-APC,C40,Malignant neoplasm of bone and articular cartilage of limbs
covariate_comorbidities,cci_canc,HES-APC,C81,Hodgkin lymphoma
covariate_comorbidities,cci_canc,HES-APC,C05,Malignant neoplasm of palate
covariate_comorbidities,cci_canc,HES-APC,C10,Malignant neoplasm of oropharynx
covariate_comorbidities,cci_canc,HES-APC,C85,Other and unspecified types of non-Hodgkin lymphoma
covariate_comorbidities,cci_canc,HES-APC,C49,Malignant neoplasm of other connective and soft tissue
covariate_comorbidities,cci_canc,HES-APC,C56,Malignant neoplasm of ovary
covariate_comorbidities,cci_canc,HES-APC,C96,"Other and unspecified malignant neoplasms of lymphoid, haematopoietic and related tissue"
covariate_comorbidities,cci_canc,HES-APC,C37,Malignant neoplasm of thymus
covariate_comorbidities,cci_canc,HES-APC,C13,Malignant neoplasm of hypopharynx
covariate_comorbidities,cci_canc,HES-APC,C26,Malignant neoplasm of other and ill-defined digestive organs
covariate_comorbidities,cci_canc,HES-APC,C97,Malignant neoplasms of independent (primary) multiple sites
covariate_comorbidities,cci_canc,HES-APC,C84,Mature T/NK-cell lymphomas
covariate_comorbidities,cci_canc,HES-APC,C57,Malignant neoplasm of other and unspecified female genital organs
covariate_comorbidities,cci_canc,HES-APC,C09,Malignant neoplasm of tonsil
covariate_comorbidities,cci_canc,HES-APC,C51,Malignant neoplasm of vulva
covariate_comorbidities,cci_canc,HES-APC,C08,Malignant neoplasm of other and unspecified major salivary glands
covariate_comorbidities,cci_canc,HES-APC,C61,Malignant neoplasm of prostate
covariate_comorbidities,cci_canc,HES-APC,C25,Malignant neoplasm of pancreas
covariate_comorbidities,cci_canc,HES-APC,C50,Malignant neoplasm of breast
covariate_comorbidities,cci_canc,HES-APC,C32,Malignant neoplasm of larynx
covariate_comorbidities,cci_canc,HES-APC,C83,Non-follicular lymphoma
covariate_comorbidities,cci_canc,HES-APC,C30,Malignant neoplasm of nasal cavity and middle ear
covariate_comorbidities,cci_canc,HES-APC,C67,Malignant neoplasm of bladder
covariate_comorbidities,cci_canc,HES-APC,C20,Malignant neoplasm of rectum
covariate_comorbidities,cci_canc,HES-APC,C15,Malignant neoplasm of oesophagus
covariate_comorbidities,cci_canc,HES-APC,C33,Malignant neoplasm of trachea
covariate_comorbidities,cci_canc,HES-APC,C01,Malignant neoplasm of base of tongue
covariate_comorbidities,cci_canc,HES-APC,C94,Other leukaemias of specified cell type
covariate_comorbidities,cci_canc,HES-APC,C88,Malignant immunoproliferative diseases
covariate_comorbidities,cci_canc,HES-APC,C72,"Malignant neoplasm of spinal cord, cranial nerves and other parts of central nervous system"
covariate_comorbidities,cci_canc,HES-APC,C58,Malignant neoplasm of placenta
covariate_comorbidities,cci_canc,HES-APC,C41,Malignant neoplasm of bone and articular cartilage of other and unspecified sites
covariate_comorbidities,cci_canc,HES-APC,C82,Follicular lymphoma
covariate_comorbidities,cci_canc,HES-APC,C53,Malignant neoplasm of cervix uteri
covariate_comorbidities,cci_canc,HES-APC,C91,Lymphoid leukaemia
covariate_comorbidities,cci_canc,HES-APC,C93,Monocytic leukaemia
covariate_comorbidities,cci_canc,HES-APC,C14,"Malignant neoplasm of other and ill-defined sites in the lip, oral cavity and pharynx"
covariate_comorbidities,cci_canc,HES-APC,C46,Kaposi sarcoma
covariate_comorbidities,cci_canc,HES-APC,C73,Malignant neoplasm of thyroid gland
covariate_comorbidities,cci_canc,HES-APC,C60,Malignant neoplasm of penis
covariate_comorbidities,cci_canc,HES-APC,C17,Malignant neoplasm of small intestine
covariate_comorbidities,cci_canc,HES-APC,C16,Malignant neoplasm of stomach
covariate_comorbidities,cci_canc,HES-APC,C71,Malignant neoplasm of brain
covariate_comorbidities,cci_canc,HES-APC,C22,Malignant neoplasm of liver and intrahepatic bile ducts
covariate_comorbidities,cci_canc,HES-APC,C47,Malignant neoplasm of peripheral nerves and autonomic nervous system
covariate_comorbidities,cci_canc,HES-APC,C45,Mesothelioma
covariate_comorbidities,cci_canc,HES-APC,C75,Malignant neoplasm of other endocrine glands and related structures
covariate_comorbidities,cci_canc,HES-APC,C92,Myeloid leukaemia
covariate_comorbidities,cci_canc,HES-APC,C63,Malignant neoplasm of other and unspecified male genital organs
covariate_comorbidities,cci_canc,HES-APC,C62,Malignant neoplasm of testis
covariate_comorbidities,cci_canc,HES-APC,C34,Malignant neoplasm of bronchus and lung
covariate_comorbidities,cci_canc,HES-APC,C95,Leukaemia of unspecified cell type
covariate_comorbidities,cci_canc,HES-APC,C03,Malignant neoplasm of gum
covariate_comorbidities,cci_canc,HES-APC,C74,Malignant neoplasm of adrenal gland
covariate_comorbidities,cci_canc,HES-APC,C04,Malignant neoplasm of floor of mouth
covariate_comorbidities,cci_canc,HES-APC,C64,"Malignant neoplasm of kidney, except renal pelvis"
covariate_comorbidities,cci_canc,HES-APC,C69,Malignant neoplasm of eye and adnexa
covariate_comorbidities,cci_canc,HES-APC,C23,Malignant neoplasm of gallbladder
covariate_comorbidities,cci_canc,HES-APC,C68,Malignant neoplasm of other and unspecified urinary organs
covariate_comorbidities,cci_canc,HES-APC,C19,Malignant neoplasm of rectosigmoid junction
covariate_comorbidities,cci_canc,HES-APC,C70,Malignant neoplasm of meninges
covariate_comorbidities,cci_canc,HES-APC,C43,Malignant melanoma of skin
covariate_comorbidities,cci_canc,HES-APC,C18,Malignant neoplasm of colon
covariate_comorbidities,cci_canc,HES-APC,C07,Malignant neoplasm of parotid gland
covariate_comorbidities,cci_canc,HES-APC,C48,Malignant neoplasm of retroperitoneum and peritoneum
covariate_comorbidities,cci_metacanc,HES-APC,C78,Secondary malignant neoplasm of respiratory and digestive organs
covariate_comorbidities,cci_metacanc,HES-APC,C80,Malignant neoplasm without specification of site
covariate_comorbidities,cci_metacanc,HES-APC,C79,Secondary malignant neoplasm of other and unspecified sites
covariate_comorbidities,cci_metacanc,HES-APC,C77,Secondary and unspecified malignant neoplasm of lymph nodes
covariate_comorbidities,cci_aids,HES-APC,B24,Unspecified human immunodeficiency virus [HIV] disease
covariate_comorbidities,cci_aids,HES-APC,B20,Human immunodeficiency virus [HIV] disease resulting in infectious and parasitic diseases
covariate_comorbidities,cci_aids,HES-APC,B21,Human immunodeficiency virus [HIV] disease resulting in malignant neoplasms
covariate_comorbidities,cci_aids,HES-APC,B22,Human immunodeficiency virus [HIV] disease resulting in other specified diseases
covariate_comorbidities,atrial_fibrillation,GDPPR,233910005,Lone atrial fibrillation (disorder)
covariate_comorbidities,atrial_fibrillation,GDPPR,440059007,Persistent atrial fibrillation (disorder)
covariate_comorbidities,atrial_fibrillation,GDPPR,314208002,Rapid atrial fibrillation (disorder)
covariate_comorbidities,atrial_fibrillation,GDPPR,716181000000109,Atrial fibrillation monitoring third letter (procedure)
covariate_comorbidities,atrial_fibrillation,GDPPR,440028005,Permanent atrial fibrillation (disorder)
covariate_comorbidities,atrial_fibrillation,GDPPR,5370000,Atrial flutter
covariate_comorbidities,atrial_fibrillation,GDPPR,15964901000119107,Atypical atrial flutter (disorder)
covariate_comorbidities,atrial_fibrillation,GDPPR,720448006,Typical atrial flutter (disorder)
covariate_comorbidities,atrial_fibrillation,GDPPR,716721000000107,Atrial fibrillation monitoring telephone invitation (procedure)
covariate_comorbidities,atrial_fibrillation,GDPPR,717011000000100,Atrial fibrillation monitoring verbal invitation (procedure)
covariate_comorbidities,atrial_fibrillation,GDPPR,120041000119109,Atrial fibrillation with rapid ventricular response (disorder)
covariate_comorbidities,atrial_fibrillation,GDPPR,427665004,Paroxysmal atrial flutter (disorder)
covariate_comorbidities,atrial_fibrillation,GDPPR,300996004,Controlled atrial fibrillation (disorder)
covariate_comorbidities,atrial_fibrillation,GDPPR,164890007,ECG: atrial flutter
covariate_comorbidities,atrial_fibrillation,GDPPR,426749004,Chronic atrial fibrillation (disorder)
covariate_comorbidities,atrial_fibrillation,GDPPR,716981000000106,Atrial fibrillation monitoring second letter (procedure)
covariate_comorbidities,atrial_fibrillation,GDPPR,164889003,ECG: atrial fibrillation
covariate_comorbidities,atrial_fibrillation,GDPPR,49436004,Atrial fibrillation
covariate_comorbidities,atrial_fibrillation,GDPPR,1110851000000100,Quality and Outcomes Framework atrial fibrillation quality indicator-related care invitation (procedure)
covariate_comorbidities,atrial_fibrillation,GDPPR,233911009,Non-rheumatic atrial fibrillation
covariate_comorbidities,atrial_fibrillation,GDPPR,134377004,Atrial fibrillation monitoring
covariate_comorbidities,atrial_fibrillation,GDPPR,248411000000105,Atrial fibrillation annual review (regime/therapy)
covariate_comorbidities,atrial_fibrillation,GDPPR,425615007,Chronic atrial flutter (disorder)
covariate_comorbidities,atrial_fibrillation,GDPPR,428076002,History of atrial flutter (situation)
covariate_comorbidities,atrial_fibrillation,GDPPR,312442005,H/O: atrial fibrillation
covariate_comorbidities,atrial_fibrillation,GDPPR,282825002,AF - Paroxysmal atrial fibrillation
covariate_comorbidities,atrial_fibrillation,GDPPR,711411000000101,Atrial fibrillation monitoring invitation (procedure)
covariate_comorbidities,atrial_fibrillation,GDPPR,195080001,Atrial fibrillation and flutter
covariate_comorbidities,atrial_fibrillation,GDPPR,717221000000101,Atrial fibrillation monitoring first letter (procedure)
covariate_comorbidities,atrial_fibrillation,HES-APC,I48,Atrial fibrillation and flutter
covariate_comorbidities,cancer,GDPPR,187868006,"Malignant neoplasm of lower lobe, bronchus or lung"
covariate_comorbidities,cancer,GDPPR,274084007,Palate carcinoma (disorder)
covariate_comorbidities,cancer,GDPPR,94000008,Primary malignant neoplasm of sebaceous gland (disorder)
covariate_comorbidities,cancer,GDPPR,93182006,Malignant histiocytosis of intra-abdominal lymph nodes
covariate_comorbidities,cancer,GDPPR,23833000,Poisoning caused by antineoplastic AND/OR immunosuppressive drug (disorder)
covariate_comorbidities,cancer,GDPPR,254423005,Carcinoma of lingual tonsil (disorder)
covariate_comorbidities,cancer,GDPPR,413738001,Cancer monitoring first letter (procedure)
covariate_comorbidities,cancer,GDPPR,302842009,Diffuse malignant lymphoma - centroblastic
covariate_comorbidities,cancer,GDPPR,187804005,Malignant neoplasm of retrocaecal tissue
covariate_comorbidities,cancer,GDPPR,313356004,Squamous cell carcinoma of bronchus in right middle lobe (disorder)
covariate_comorbidities,cancer,GDPPR,829591000000101,Neoadjuvant chemotherapy (procedure)
covariate_comorbidities,cancer,GDPPR,354351000119105,Primary malignant neoplasm of left kidney (disorder)
covariate_comorbidities,cancer,GDPPR,277628000,Diffuse malignant lymphoma - large cleaved cell (disorder)
covariate_comorbidities,cancer,GDPPR,253000007,Neuroendocrine carcinoma (disorder)
covariate_comorbidities,cancer,GDPPR,93725000,Malignant neoplasm of bone
covariate_comorbidities,cancer,GDPPR,188502002,Lymphosarcoma of intra-abdominal lymph nodes
covariate_comorbidities,cancer,GDPPR,315005000,Metastasis from malignant tumor of bronchus (disorder)
covariate_comorbidities,cancer,GDPPR,405546008,Malignant pericardial effusion (disorder)
covariate_comorbidities,cancer,GDPPR,326072005,Carcinoma of head of pancreas (disorder)
covariate_comorbidities,cancer,GDPPR,408647009,Adenocarcinoma of stomach (disorder)
covariate_comorbidities,cancer,GDPPR,302847003,Rhabdomyosarcoma (disorder)
covariate_comorbidities,cancer,GDPPR,254466003,Carcinoma of sublingual gland (disorder)
covariate_comorbidities,cancer,GDPPR,254860001,Malignant sex cord tumor of ovary (disorder)
covariate_comorbidities,cancer,GDPPR,443488001,Malignant neoplasm of anorectum (disorder)
covariate_comorbidities,cancer,GDPPR,277602003,Acute megakaryoblastic leukemia (disorder)
covariate_comorbidities,cancer,GDPPR,254551004,Carcinoma of lower third of esophagus (disorder)
covariate_comorbidities,cancer,GDPPR,277617004,High grade B-cell lymphoma (disorder)
covariate_comorbidities,cancer,GDPPR,187906008,Malignant neoplasm of orbital bone
covariate_comorbidities,cancer,GDPPR,286889008,Carcinoma of upper limb bones/scapula (disorder)
covariate_comorbidities,cancer,GDPPR,94134006,Malignant neoplasm of ventral surface of tongue
covariate_comorbidities,cancer,GDPPR,700423003,Adenocarcinoma of pancreas (disorder)
covariate_comorbidities,cancer,GDPPR,94161006,Secondary malignant neoplasm of adrenal gland
covariate_comorbidities,cancer,GDPPR,285619009,Metastasis to vertebral column of unknown primary (disorder)
covariate_comorbidities,cancer,GDPPR,363518003,Malignant tumour of kidney
covariate_comorbidities,cancer,GDPPR,307608006,Ewing's sarcoma of bone (disorder)
covariate_comorbidities,cancer,GDPPR,254764001,Peripheral neuroepithelioma (disorder)
covariate_comorbidities,cancer,GDPPR,254633006,Oat cell carcinoma of lung (disorder)
covariate_comorbidities,cancer,GDPPR,109392002,Kaposi's sarcoma of multiple organs
covariate_comorbidities,cancer,GDPPR,188507008,Lymphosarcoma of lymph nodes of multiple sites (disorder)
covariate_comorbidities,cancer,GDPPR,94408005,Secondary malignant neoplasm of mediastinal lymph nodes
covariate_comorbidities,cancer,GDPPR,278051002,Malignant lymphoma of thyroid gland (disorder)
covariate_comorbidities,cancer,GDPPR,269476000,Nodular lymphoma
covariate_comorbidities,cancer,GDPPR,255081007,Carcinoma of cecum
covariate_comorbidities,cancer,GDPPR,109878000,Overlapping malignant neoplasm of female genital organs
covariate_comorbidities,cancer,GDPPR,445738007,Myelodysplastic/myeloproliferative disease (disorder)
covariate_comorbidities,cancer,GDPPR,281563002,Thoracic neuroblastoma
covariate_comorbidities,cancer,GDPPR,363427000,Malignant tumour of frontal sinus
covariate_comorbidities,cancer,GDPPR,93520007,Hodgkin's disease of intra-abdominal lymph nodes (disorder)
covariate_comorbidities,cancer,GDPPR,843671000000104,Electrochemotherapy (procedure)
covariate_comorbidities,cancer,GDPPR,188493000,Reticulosarcoma of lymph nodes of inguinal region and lower limb (disorder)
covariate_comorbidities,cancer,GDPPR,956411000000108,Malignant melanoma stage IIC (finding)
covariate_comorbidities,cancer,GDPPR,255073006,"Malignant tumor of ear, nose and throat"
covariate_comorbidities,cancer,GDPPR,188718006,Extramedullary plasmacytoma (clinical)
covariate_comorbidities,cancer,GDPPR,188633006,Sezary's disease of lymph nodes of axilla and upper limb (disorder)
covariate_comorbidities,cancer,GDPPR,363364007,Malignant tumor of soft tissue of hip (disorder)
covariate_comorbidities,cancer,GDPPR,38216008,Infusion chemotherapy for malignant neoplasm
covariate_comorbidities,cancer,GDPPR,277629008,Diffuse malignant lymphoma - large non-cleaved cell (disorder)
covariate_comorbidities,cancer,GDPPR,188050009,Malignant melanoma of breast
covariate_comorbidities,cancer,GDPPR,449220000,Diffuse follicle center lymphoma (disorder)
covariate_comorbidities,cancer,GDPPR,417554000,Malignant teratoma of descended testis (disorder)
covariate_comorbidities,cancer,GDPPR,18121000119104,Primary squamous cell carcinoma of palatine tonsil (disorder)
covariate_comorbidities,cancer,GDPPR,188274004,Malignant neoplasm of nasolacrimal duct
covariate_comorbidities,cancer,GDPPR,255052006,Malignant tumor of unknown origin
covariate_comorbidities,cancer,GDPPR,188733003,Chronic eosinophilic leukaemia
covariate_comorbidities,cancer,GDPPR,93133006,Letterer-Siwe disease of intra-abdominal lymph nodes (disorder)
covariate_comorbidities,cancer,GDPPR,94300004,Secondary malignant neoplasm of femur (disorder)
covariate_comorbidities,cancer,GDPPR,93941005,Malignant neoplasm of paraganglion
covariate_comorbidities,cancer,GDPPR,188000002,Malignant neoplasm of connective and soft tissue of hip
covariate_comorbidities,cancer,GDPPR,187732006,Malignant neoplasm of cardia of stomach
covariate_comorbidities,cancer,GDPPR,94604000,Secondary malignant neoplasm of splenic flexure of colon (disorder)
covariate_comorbidities,cancer,GDPPR,255028004,Follicular thyroid carcinoma (disorder)
covariate_comorbidities,cancer,GDPPR,188191009,Malignant neoplasm of fundus of corpus uteri
covariate_comorbidities,cancer,GDPPR,1090121000000109,Secondary malignant neoplasm of deep cervical lymph nodes (disorder)
covariate_comorbidities,cancer,GDPPR,109842005,Intrahepatic bile duct carcinoma (disorder)
covariate_comorbidities,cancer,GDPPR,707357005,Primary squamous cell carcinoma of laryngeal cartilage (disorder)
covariate_comorbidities,cancer,GDPPR,446022000,Malignant epithelial neoplasm of uterus (disorder)
covariate_comorbidities,cancer,GDPPR,93782004,Primary malignant neoplasm of epicardium (disorder)
covariate_comorbidities,cancer,GDPPR,254459004,Malignant tumour of anterior pillar of fauces
covariate_comorbidities,cancer,GDPPR,187846001,Malignant neoplasm of thyroid cartilage
covariate_comorbidities,cancer,GDPPR,188577007,"Hodgkin's disease, mixed cellularity of intra-abdominal lymph nodes (disorder)"
covariate_comorbidities,cancer,GDPPR,277568007,Hairy cell leukaemia variant
covariate_comorbidities,cancer,GDPPR,277571004,B-cell acute lymphoblastic leukemia
covariate_comorbidities,cancer,GDPPR,286887005,Carcinoma liver and/or biliary system (disorder)
covariate_comorbidities,cancer,GDPPR,255111004,Squamous cell carcinoma of bladder (disorder)
covariate_comorbidities,cancer,GDPPR,187828007,"Malignant neoplasm of nasal cavities, middle ear and accessory sinuses"
covariate_comorbidities,cancer,GDPPR,188038003,Malignant melanoma of chin
covariate_comorbidities,cancer,GDPPR,93957005,Malignant neoplasm of pericardium
covariate_comorbidities,cancer,GDPPR,188269007,Malignant neoplasm of extraocular muscle of orbit (disorder)
covariate_comorbidities,cancer,GDPPR,239901009,Dermatopolymyositis in neoplastic disease
covariate_comorbidities,cancer,GDPPR,422691006,Squamous cell carcinoma of nasopharynx (disorder)
covariate_comorbidities,cancer,GDPPR,188193007,Malignant neoplasm of myometrium of corpus uteri
covariate_comorbidities,cancer,GDPPR,93817006,Malignant neoplasm of great vessels
covariate_comorbidities,cancer,GDPPR,188004006,Malignant neoplasm of connective and soft tissue of foot
covariate_comorbidities,cancer,GDPPR,254582000,Carcinoma of rectum
covariate_comorbidities,cancer,GDPPR,363432004,Malignant tumor of trachea
covariate_comorbidities,cancer,GDPPR,188592008,"Hodgkin's disease, lymphocytic depletion of spleen"
covariate_comorbidities,cancer,GDPPR,863741000000108,Clinical stage A chronic lymphocytic leukaemia (disorder)
covariate_comorbidities,cancer,GDPPR,363475005,Malignant tumour of spinal cord
covariate_comorbidities,cancer,GDPPR,276799004,Dermatofibrosarcoma protuberans (disorder)
covariate_comorbidities,cancer,GDPPR,363441009,Malignant tumour of soft tissue of neck
covariate_comorbidities,cancer,GDPPR,314951005,Local recurrence of malignant tumor of tongue (disorder)
covariate_comorbidities,cancer,GDPPR,254436005,Carcinoma of uvula (disorder)
covariate_comorbidities,cancer,GDPPR,739301006,Osteoporosis co-occurrent and due to multiple myeloma
covariate_comorbidities,cancer,GDPPR,94480000,Secondary malignant neoplasm of pelvis (disorder)
covariate_comorbidities,cancer,GDPPR,188728002,Aleukemic lymphoid leukemia (disorder)
covariate_comorbidities,cancer,GDPPR,278053004,Intraductal carcinoma of breast (disorder)
covariate_comorbidities,cancer,GDPPR,449386007,Philadelphia chromosome negative chronic myelogenous leukemia (disorder)
covariate_comorbidities,cancer,GDPPR,278042005,Malignant teratoma of mediastinum (disorder)
covariate_comorbidities,cancer,GDPPR,449578008,Malignant neoplasm of alveolus of mandible (disorder)
covariate_comorbidities,cancer,GDPPR,402537005,Metastatic basal cell carcinoma (disorder)
covariate_comorbidities,cancer,GDPPR,363388009,Malignant tumour of soft palate
covariate_comorbidities,cancer,GDPPR,310526005,Malignant tumor of soft tissue of back (disorder)
covariate_comorbidities,cancer,GDPPR,93189002,Malignant histiocytosis of spleen (disorder)
covariate_comorbidities,cancer,GDPPR,188072006,Malignant melanoma of lower leg
covariate_comorbidities,cancer,GDPPR,188454009,Secondary malignant neoplasm of skin of head
covariate_comorbidities,cancer,GDPPR,363403002,Malignant tumor of duodenum
covariate_comorbidities,cancer,GDPPR,716649003,Extraovarian primary peritoneal carcinoma (disorder)
covariate_comorbidities,cancer,GDPPR,363413005,Malignant tumor of splenic flexure
covariate_comorbidities,cancer,GDPPR,722672002,Primary squamous cell carcinoma of base of tongue (disorder)
covariate_comorbidities,cancer,GDPPR,187694000,Malignant tumor of adenoid
covariate_comorbidities,cancer,GDPPR,188190005,Malignant neoplasm of cornu of corpus uteri
covariate_comorbidities,cancer,GDPPR,443961001,Malignant adenomatous neoplasm (disorder)
covariate_comorbidities,cancer,GDPPR,93647006,Malignant melanoma of skin of shoulder (disorder)
covariate_comorbidities,cancer,GDPPR,94719007,Myeloid sarcoma
covariate_comorbidities,cancer,GDPPR,188627002,Mycosis fungoides of lymph nodes of multiple sites
covariate_comorbidities,cancer,GDPPR,93193008,Malignant lymphoma of intrathoracic lymph nodes
covariate_comorbidities,cancer,GDPPR,277567002,T-cell prolymphocytic leukemia
covariate_comorbidities,cancer,GDPPR,276953005,Squamous cell carcinoma of gum (disorder)
covariate_comorbidities,cancer,GDPPR,187814001,Malignant neoplasm of the pouch of Douglas
covariate_comorbidities,cancer,GDPPR,312115000,Carcinoma of splenic flexure (disorder)
covariate_comorbidities,cancer,GDPPR,372136001,"Carcinoma of upper lobe, bronchus or lung (disorder)"
covariate_comorbidities,cancer,GDPPR,363365008,Malignant tumor of soft tissue of thorax
covariate_comorbidities,cancer,GDPPR,363422006,Malignant tumor of nasal cavity
covariate_comorbidities,cancer,GDPPR,188064009,Malignant melanoma of finger
covariate_comorbidities,cancer,GDPPR,187722004,Malignant tumour of cervical part of oesophagus
covariate_comorbidities,cancer,GDPPR,93184007,Malignant histiocytosis of intrathoracic lymph nodes (disorder)
covariate_comorbidities,cancer,GDPPR,370967009,Retinoblastoma (disorder)
covariate_comorbidities,cancer,GDPPR,372119009,Primary malignant neoplasm of head of pancreas (disorder)
covariate_comorbidities,cancer,GDPPR,93955002,Primary malignant neoplasm of periadrenal tissue (disorder)
covariate_comorbidities,cancer,GDPPR,285639008,Metastasis to kidney of unknown primary (disorder)
covariate_comorbidities,cancer,GDPPR,815361000000107,Acute myeloid leukaemia with 11q23 abnormality (disorder)
covariate_comorbidities,cancer,GDPPR,314960002,Local recurrence of malignant tumor of esophagus (disorder)
covariate_comorbidities,cancer,GDPPR,188323009,"Malignant neoplasm of peripheral nerves of upper limb, including shoulder"
covariate_comorbidities,cancer,GDPPR,109830000,Overlapping malignant neoplasm of floor of mouth
covariate_comorbidities,cancer,GDPPR,188326001,Malignant neoplasm of peripheral nerve of abdomen
covariate_comorbidities,cancer,GDPPR,109264009,Overlapping malignant neoplasm of skin
covariate_comorbidities,cancer,GDPPR,188501009,Lymphosarcoma of intrathoracic lymph nodes
covariate_comorbidities,cancer,GDPPR,188587006,"Hodgkin's disease, lymphocytic depletion of intra-abdominal lymph nodes (disorder)"
covariate_comorbidities,cancer,GDPPR,188016000,Malignant neoplasm of connective and soft tissue of abdominal wall
covariate_comorbidities,cancer,GDPPR,372063002,Malignant neoplasm of nervous system (disorder)
covariate_comorbidities,cancer,GDPPR,302837001,Lentigo maligna melanoma (disorder)
covariate_comorbidities,cancer,GDPPR,277613000,Cutaneous/peripheral T-cell lymphoma
covariate_comorbidities,cancer,GDPPR,93451002,Erythroleukaemia
covariate_comorbidities,cancer,GDPPR,285637005,Metastasis to ovary of unknown primary (disorder)
covariate_comorbidities,cancer,GDPPR,188361007,Malignant neoplasm of thorax
covariate_comorbidities,cancer,GDPPR,445238008,Malignant carcinoid tumor (disorder)
covariate_comorbidities,cancer,GDPPR,269580008,Malignant melanoma of upper limb
covariate_comorbidities,cancer,GDPPR,276822007,Malignant melanoma of rectum (disorder)
covariate_comorbidities,cancer,GDPPR,188235006,Malignant tumor of tunica vaginalis
covariate_comorbidities,cancer,GDPPR,373083005,Malignant neoplasm of breast upper outer quadrant (disorder)
covariate_comorbidities,cancer,GDPPR,187736009,Malignant tumor of pylorus
covariate_comorbidities,cancer,GDPPR,363359008,Malignant tumor of middle ear (disorder)
covariate_comorbidities,cancer,GDPPR,94235004,Secondary malignant neoplasm of cecum (disorder)
covariate_comorbidities,cancer,GDPPR,281564008,Pelvic neuroblastoma
covariate_comorbidities,cancer,GDPPR,278052009,Malignant lymphoma of breast (disorder)
covariate_comorbidities,cancer,GDPPR,188562004,"Hodgkin's disease, lymphocytic-histiocytic predominance of lymph nodes of multiple sites (disorder)"
covariate_comorbidities,cancer,GDPPR,187864008,"Malignant neoplasm of middle lobe, bronchus or lung"
covariate_comorbidities,cancer,GDPPR,269464000,"Malignant neoplasm of upper lobe, bronchus or lung"
covariate_comorbidities,cancer,GDPPR,254851009,Mucinous cystadenocarcinoma of ovary (disorder)
covariate_comorbidities,cancer,GDPPR,118606001,Hodgkin's sarcoma (clinical)
covariate_comorbidities,cancer,GDPPR,93669004,Primary malignant neoplasm of anal canal (disorder)
covariate_comorbidities,cancer,GDPPR,187652003,Malignant tumour of anterior floor of mouth
covariate_comorbidities,cancer,GDPPR,285633009,Metastasis to soft tissue of unknown primary (disorder)
covariate_comorbidities,cancer,GDPPR,123845008,Adenocarcinoma of endometrium (disorder)
covariate_comorbidities,cancer,GDPPR,445105005,Blastic plasmacytoid dendritic cell neoplasm (disorder)
covariate_comorbidities,cancer,GDPPR,683991000119103,Extensive stage primary small cell carcinoma of lung (disorder)
covariate_comorbidities,cancer,GDPPR,187900002,Malignant neoplasm of bones of skull and face
covariate_comorbidities,cancer,GDPPR,169397004,Radiochemotherapy: local infiltration (procedure)
covariate_comorbidities,cancer,GDPPR,314191009,Cystadenocarcinoma of ovary (disorder)
covariate_comorbidities,cancer,GDPPR,372108006,Malignant neoplasm of bone of lower limb (disorder)
covariate_comorbidities,cancer,GDPPR,399042005,Chemotherapy cycle (procedure)
covariate_comorbidities,cancer,GDPPR,402561003,Malignant melanoma of soft tissues (disorder)
covariate_comorbidities,cancer,GDPPR,188021002,Malignant neoplasm of connective and soft tissue of inguinal region
covariate_comorbidities,cancer,GDPPR,230685009,Myasthenia gravis associated with thymoma (disorder)
covariate_comorbidities,cancer,GDPPR,188051008,Malignant melanoma of buttock
covariate_comorbidities,cancer,GDPPR,68979007,Heavy chain disease (disorder)
covariate_comorbidities,cancer,GDPPR,415110002,Plasma cell myeloma/plasmacytoma (disorder)
covariate_comorbidities,cancer,GDPPR,314953008,Local recurrence of malignant tumor of thyroid gland (disorder)
covariate_comorbidities,cancer,GDPPR,94344001,Secondary malignant neoplasm of intercostal lymph nodes (disorder)
covariate_comorbidities,cancer,GDPPR,372113005,"Carcinoma of middle lobe, bronchus or lung (disorder)"
covariate_comorbidities,cancer,GDPPR,107771000119106,Primary malignant clear cell neoplasm of endometrium (disorder)
covariate_comorbidities,cancer,GDPPR,269544008,Carcinoma of the rectosigmoid junction (disorder)
covariate_comorbidities,cancer,GDPPR,254627002,Carcinoid tumor of lung (disorder)
covariate_comorbidities,cancer,GDPPR,93541001,Hodgkin's paragranuloma of lymph nodes of axilla AND/OR upper limb (disorder)
covariate_comorbidities,cancer,GDPPR,404071006,Pleomorphic liposarcoma (disorder)
covariate_comorbidities,cancer,GDPPR,93536009,Hodgkin's granuloma of spleen (disorder)
covariate_comorbidities,cancer,GDPPR,254874008,Dysgerminoma of ovary (disorder)
covariate_comorbidities,cancer,GDPPR,444910004,Primary mediastinal (thymic) large B-cell lymphoma (disorder)
covariate_comorbidities,cancer,GDPPR,396181000000106,[X]Melanoma and other malignant neoplasms of skin (disorder)
covariate_comorbidities,cancer,GDPPR,254950006,Oligodendroglioma of spinal cord (disorder)
covariate_comorbidities,cancer,GDPPR,94397007,Secondary malignant neoplasm of lymph nodes of neck (disorder)
covariate_comorbidities,cancer,GDPPR,109874003,Overlapping malignant neoplasm of male genital organs
covariate_comorbidities,cancer,GDPPR,413842007,Chronic myeloid leukemia in lymphoid blast crisis (disorder)
covariate_comorbidities,cancer,GDPPR,109844006,Angiosarcoma of liver
covariate_comorbidities,cancer,GDPPR,428905002,Malignant neoplasm of gastrointestinal tract (disorder)
covariate_comorbidities,cancer,GDPPR,187830009,Malignant neoplasm of nasal conchae
covariate_comorbidities,cancer,GDPPR,255017003,Adenocarcinoma of non-pigmented epithelium of ciliary body (disorder)
covariate_comorbidities,cancer,GDPPR,188547001,Hodgkin's sarcoma of lymph nodes of axilla and upper limb
covariate_comorbidities,cancer,GDPPR,94101009,Primary malignant neoplasm of tongue (disorder)
covariate_comorbidities,cancer,GDPPR,280959007,Malignant tumor of lacrimal drainage structure (disorder)
covariate_comorbidities,cancer,GDPPR,1090251000000105,Malignant neoplasm of nose (disorder)
covariate_comorbidities,cancer,GDPPR,449096009,Malignant neoplasm of respiratory system (disorder)
covariate_comorbidities,cancer,GDPPR,363449006,Malignant tumour of testis
covariate_comorbidities,cancer,GDPPR,372096000,Carcinoma of male breast (disorder)
covariate_comorbidities,cancer,GDPPR,254824006,Malignant tumor of mesothelial tissue (disorder)
covariate_comorbidities,cancer,GDPPR,93140007,Letterer-Siwe disease of spleen (disorder)
covariate_comorbidities,cancer,GDPPR,187692001,Malignant tumor of epipharynx
covariate_comorbidities,cancer,GDPPR,188022009,Malignant neoplasm of connective and soft tissue of perineum
covariate_comorbidities,cancer,GDPPR,255037004,Parathyroid carcinoma (disorder)
covariate_comorbidities,cancer,GDPPR,188296005,Malignant neoplasm of medulla oblongata
covariate_comorbidities,cancer,GDPPR,716872004,Antineoplastic chemotherapy regimen (regime/therapy)
covariate_comorbidities,cancer,GDPPR,94481001,Secondary malignant neoplasm of penis
covariate_comorbidities,cancer,GDPPR,230257000,Paraneoplastic motor neurone disease
covariate_comorbidities,cancer,GDPPR,315003007,Metastasis from malignant tumor of esophagus (disorder)
covariate_comorbidities,cancer,GDPPR,188264002,Malignant neoplasm of iris
covariate_comorbidities,cancer,GDPPR,93950007,Primary malignant neoplasm of patella (disorder)
covariate_comorbidities,cancer,GDPPR,277543005,Malignant white blood cell disorder (disorder)
covariate_comorbidities,cancer,GDPPR,766979005,Squamous cell carcinoma of rectum (disorder)
covariate_comorbidities,cancer,GDPPR,187945003,Malignant neoplasm of first metacarpal bone (disorder)
covariate_comorbidities,cancer,GDPPR,187807003,Overlapping malignant lesion of retroperitoneum and peritoneum
covariate_comorbidities,cancer,GDPPR,372004005,Primary malignant neoplasm of parotid gland (disorder)
covariate_comorbidities,cancer,GDPPR,93547002,Hodgkin's sarcoma of intra-abdominal lymph nodes (disorder)
covariate_comorbidities,cancer,GDPPR,302855005,Subacute leukemia
covariate_comorbidities,cancer,GDPPR,109911004,Overlapping malignant neoplasm of brain and other parts of the central nervous system
covariate_comorbidities,cancer,GDPPR,94611001,Secondary malignant neoplasm of submental lymph nodes
covariate_comorbidities,cancer,GDPPR,733361001,Primary mucinous adenocarcinoma of ovary (disorder)
covariate_comorbidities,cancer,GDPPR,187978005,Malignant neoplasm of phalanges of foot
covariate_comorbidities,cancer,GDPPR,67821000119109,"Primary small cell malignant neoplasm of lung, TNM stage 2 (disorder)"
covariate_comorbidities,cancer,GDPPR,372137005,Primary malignant neoplasm of breast (disorder)
covariate_comorbidities,cancer,GDPPR,363394001,Malignant tumour of tonsillar fossa
covariate_comorbidities,cancer,GDPPR,255056009,Malignant tumor of head and neck
covariate_comorbidities,cancer,GDPPR,94459006,Secondary malignant neoplasm of pancreas (disorder)
covariate_comorbidities,cancer,GDPPR,94491007,Secondary malignant neoplasm of pituitary gland (disorder)
covariate_comorbidities,cancer,GDPPR,187767006,Malignant neoplasm of liver and intrahepatic bile ducts
covariate_comorbidities,cancer,GDPPR,399326009,Malignant tumor of urinary bladder (disorder)
covariate_comorbidities,cancer,GDPPR,371984007,Primary malignant neoplasm of esophagus (disorder)
covariate_comorbidities,cancer,GDPPR,956471000000103,Malignant melanoma stage IIIC (finding)
covariate_comorbidities,cancer,GDPPR,420788006,Intraocular non-Hodgkin malignant lymphoma (disorder)
covariate_comorbidities,cancer,GDPPR,94099002,Malignant neoplasm of tibia
covariate_comorbidities,cancer,GDPPR,188590000,"Hodgkin's disease, lymphocytic depletion of lymph nodes of inguinal region and lower limb (disorder)"
covariate_comorbidities,cancer,GDPPR,187862007,Malignant neoplasm of upper lobe of lung
covariate_comorbidities,cancer,GDPPR,1098961000119105,History of cancer metastatic to lung
covariate_comorbidities,cancer,GDPPR,277580004,Non-secretory myeloma (disorder)
covariate_comorbidities,cancer,GDPPR,269533000,Carcinoma of colon (disorder)
covariate_comorbidities,cancer,GDPPR,409231000000104,[X]Malignant neoplasm of mesothelial and soft tissue (disorder)
covariate_comorbidities,cancer,GDPPR,188514005,Burkitt's lymphoma of lymph nodes of inguinal region and lower limb
covariate_comorbidities,cancer,GDPPR,109384006,"Overlapping malignant neoplasm of heart, mediastinum and pleura"
covariate_comorbidities,cancer,GDPPR,254870004,Choriocarcinoma of ovary (disorder)
covariate_comorbidities,cancer,GDPPR,1090961000000103,Malignant neoplasm of soft tissues of lower limb (disorder)
covariate_comorbidities,cancer,GDPPR,415082004,Personal history of primary malignant neoplasm of lung (context-dependent category)
covariate_comorbidities,cancer,GDPPR,363354003,Malignant tumour of cervix
covariate_comorbidities,cancer,GDPPR,187634003,Malignant tumor of anterior two-thirds of tongue - dorsal surface (disorder)
covariate_comorbidities,cancer,GDPPR,94521000,Secondary malignant neoplasm of rib (disorder)
covariate_comorbidities,cancer,GDPPR,94246001,Secondary malignant neoplasm of cerebral meninges (disorder)
covariate_comorbidities,cancer,GDPPR,188244007,Malignant tumour of bladder neck
covariate_comorbidities,cancer,GDPPR,188558005,"Hodgkin's disease, lymphocytic-histiocytic predominance of lymph nodes of axilla and upper limb (disorder)"
covariate_comorbidities,cancer,GDPPR,372020000,Primary malignant neoplasm of tonsil (disorder)
covariate_comorbidities,cancer,GDPPR,188013008,Malignant neoplasm of connective and soft tissues of thoracic spine
covariate_comorbidities,cancer,GDPPR,109837002,Overlapping malignant neoplasm of small intestine
covariate_comorbidities,cancer,GDPPR,1090171000000108,Secondary malignant neoplasm of sacral lymph nodes (disorder)
covariate_comorbidities,cancer,GDPPR,310504009,Primary malignant neoplasm of unknown site
covariate_comorbidities,cancer,GDPPR,372023003,Primary malignant neoplasm of upper third of esophagus (disorder)
covariate_comorbidities,cancer,GDPPR,267540007,Neutropenia caused by irradiation (disorder)
covariate_comorbidities,cancer,GDPPR,93188005,Malignant histiocytosis of lymph nodes of multiple sites (disorder)
covariate_comorbidities,cancer,GDPPR,372141009,Carcinoma of vocal cord (disorder)
covariate_comorbidities,cancer,GDPPR,69408002,Gorlin syndrome (disorder)
covariate_comorbidities,cancer,GDPPR,188281006,Malignant neoplasm of basal ganglia
covariate_comorbidities,cancer,GDPPR,190955000,Histiocytosis X syndrome (disorder)
covariate_comorbidities,cancer,GDPPR,94350006,Secondary malignant neoplasm of intrapelvic lymph nodes
covariate_comorbidities,cancer,GDPPR,188506004,Lymphosarcoma of spleen
covariate_comorbidities,cancer,GDPPR,255074000,Malignant tumor of nasal cavity and nasopharynx (disorder)
covariate_comorbidities,cancer,GDPPR,285607001,Metastasis to mediastinum of unknown primary (disorder)
covariate_comorbidities,cancer,GDPPR,312104005,Cholangiocarcinoma of biliary tract (disorder)
covariate_comorbidities,cancer,GDPPR,1090931000000108,Malignant neoplasm of multiple endocrine glands (disorder)
covariate_comorbidities,cancer,GDPPR,93521006,Hodgkin's disease of intrapelvic lymph nodes (disorder)
covariate_comorbidities,cancer,GDPPR,187601000,"Malignant neoplasm of upper lip, lipstick area"
covariate_comorbidities,cancer,GDPPR,188536008,Hodgkin's granuloma of intra-abdominal lymph nodes (disorder)
covariate_comorbidities,cancer,GDPPR,363445000,Malignant tumour of vagina
covariate_comorbidities,cancer,GDPPR,109998009,Refractory anemia with ringed sideroblasts (disorder)
covariate_comorbidities,cancer,GDPPR,285603002,Metastasis to bronchus of unknown primary (disorder)
covariate_comorbidities,cancer,GDPPR,93192003,Malignant lymphoma of intrapelvic lymph nodes
covariate_comorbidities,cancer,GDPPR,105121000119102,Squamous cell carcinoma of vagina (disorder)
covariate_comorbidities,cancer,GDPPR,188340000,Malignant tumor of craniopharyngeal duct
covariate_comorbidities,cancer,GDPPR,94531007,Secondary malignant neoplasm of scrotum (disorder)
covariate_comorbidities,cancer,GDPPR,363406005,Malignant tumour of colon
covariate_comorbidities,cancer,GDPPR,187794005,Malignant tumour of Islets of Langerhans
covariate_comorbidities,cancer,GDPPR,91861009,Acute myeloid leukemia
covariate_comorbidities,cancer,GDPPR,188665009,Mast cell malignancy of lymph nodes of axilla and upper limb (disorder)
covariate_comorbidities,cancer,GDPPR,239898008,Polymyositis with malignant disease
covariate_comorbidities,cancer,GDPPR,187917009,Malignant neoplasm of thoracic vertebra
covariate_comorbidities,cancer,GDPPR,371973000,Malignant neoplasm of uterus (disorder)
covariate_comorbidities,cancer,GDPPR,707664003,Primary squamous cell carcinoma of glottis (disorder)
covariate_comorbidities,cancer,GDPPR,188063003,Malignant melanoma of hand
covariate_comorbidities,cancer,GDPPR,720006006,Cancer care review (procedure)
covariate_comorbidities,cancer,GDPPR,93974005,Primary malignant neoplasm of prostate (disorder)
covariate_comorbidities,cancer,GDPPR,188062008,Malignant melanoma of fore-arm
covariate_comorbidities,cancer,GDPPR,448668007,Malignant neoplasm of mandible (disorder)
covariate_comorbidities,cancer,GDPPR,285422003,Immunoglobulin D myeloma (disorder)
covariate_comorbidities,cancer,GDPPR,427685000,Human epidermal growth factor 2 positive carcinoma of breast (disorder)
covariate_comorbidities,cancer,GDPPR,254555008,Carcinoma of fundus of stomach (disorder)
covariate_comorbidities,cancer,GDPPR,813671000000107,Secondary malignant neoplasm of liver and intrahepatic bile duct (disorder)
covariate_comorbidities,cancer,GDPPR,1091861000000100,"Follicular lymphoma, cutaneous follicle centre (disorder)"
covariate_comorbidities,cancer,GDPPR,314952003,Local recurrence of malignant tumor of buccal cavity (disorder)
covariate_comorbidities,cancer,GDPPR,188147009,Malignant neoplasm of nipple and areola of female breast
covariate_comorbidities,cancer,GDPPR,363404008,Malignant tumour of jejunum
covariate_comorbidities,cancer,GDPPR,187952001,"Malignant neoplasm of pelvic bones, sacrum and coccyx"
covariate_comorbidities,cancer,GDPPR,188554007,"Hodgkin's disease, lymphocytic-histiocytic predominance of lymph nodes of head, face and neck"
covariate_comorbidities,cancer,GDPPR,238841000000107,Delivery of complex chemotherapy for neoplasm including prolonged infusional treatment at first attendance (procedure)
covariate_comorbidities,cancer,GDPPR,449101009,Sarcoma of sternum (disorder)
covariate_comorbidities,cancer,GDPPR,93197009,Malignant lymphoma of lymph nodes of multiple sites
covariate_comorbidities,cancer,GDPPR,363505006,Malignant tumor of oral cavity
covariate_comorbidities,cancer,GDPPR,363386008,Malignant tumour of buccal mucosa
covariate_comorbidities,cancer,GDPPR,94409002,Secondary malignant neoplasm of mediastinum
covariate_comorbidities,cancer,GDPPR,363353009,Malignant tumor of gallbladder
covariate_comorbidities,cancer,GDPPR,423158009,Hurthle cell carcinoma of thyroid (disorder)
covariate_comorbidities,cancer,GDPPR,1090981000000107,Malignant neoplasm of anterior wall of stomach (disorder)
covariate_comorbidities,cancer,GDPPR,449308006,Malignant neoplasm of visceral pleura (disorder)
covariate_comorbidities,cancer,GDPPR,255029007,Papillary thyroid carcinoma (disorder)
covariate_comorbidities,cancer,GDPPR,254653005,Spindle cell squamous carcinoma of skin (disorder)
covariate_comorbidities,cancer,GDPPR,94338000,Secondary malignant neoplasm of infraclavicular lymph nodes
covariate_comorbidities,cancer,GDPPR,94357009,Secondary malignant neoplasm of jejunum (disorder)
covariate_comorbidities,cancer,GDPPR,363369002,Carcinoma of tail of pancreas (disorder)
covariate_comorbidities,cancer,GDPPR,254726003,Malignant skin tumor with apocrine differentiation (disorder)
covariate_comorbidities,cancer,GDPPR,363515000,Malignant tumor of male genital organ
covariate_comorbidities,cancer,GDPPR,371974006,Malignant neoplasm of border of tongue (disorder)
covariate_comorbidities,cancer,GDPPR,1090161000000101,Secondary malignant neoplasm of diaphragmatic lymph nodes (disorder)
covariate_comorbidities,cancer,GDPPR,94638008,Secondary malignant neoplasm of tongue
covariate_comorbidities,cancer,GDPPR,93842002,Malignant neoplasm of ischium
covariate_comorbidities,cancer,GDPPR,93771007,Primary malignant neoplasm of descending colon (disorder)
covariate_comorbidities,cancer,GDPPR,307216009,Perforated carcinoma of esophagus (disorder)
covariate_comorbidities,cancer,GDPPR,188302003,Malignant neoplasm of tapetum (disorder)
covariate_comorbidities,cancer,GDPPR,93772000,Malignant neoplasm of diaphragm
covariate_comorbidities,cancer,GDPPR,187821001,Angiosarcoma of spleen (disorder)
covariate_comorbidities,cancer,GDPPR,93806005,Malignant neoplasm of frontal bone
covariate_comorbidities,cancer,GDPPR,187738005,Malignant neoplasm of pyloric canal of stomach
covariate_comorbidities,cancer,GDPPR,372111007,"Carcinoma of lower lobe, bronchus or lung (disorder)"
covariate_comorbidities,cancer,GDPPR,188184006,Malignant neoplasm of squamocolumnar junction of cervix
covariate_comorbidities,cancer,GDPPR,94391008,Secondary malignant neoplasm of lung
covariate_comorbidities,cancer,GDPPR,169401007,Radiochemotherapy: for immunosuppression (procedure)
covariate_comorbidities,cancer,GDPPR,188153009,Malignant neoplasm of lower-inner quadrant of female breast
covariate_comorbidities,cancer,GDPPR,363370001,Malignant neoplasm of mesentery
covariate_comorbidities,cancer,GDPPR,109976000,Lymphoepithelioid lymphoma (clinical)
covariate_comorbidities,cancer,GDPPR,253018005,Fibrolamellar hepatocellular carcinoma (disorder)
covariate_comorbidities,cancer,GDPPR,94083008,Malignant neoplasm of talus
covariate_comorbidities,cancer,GDPPR,313248004,Malignant melanoma of chest wall
covariate_comorbidities,cancer,GDPPR,313428008,Seminoma of undescended testis
covariate_comorbidities,cancer,GDPPR,269578002,Malignant melanoma of head and neck
covariate_comorbidities,cancer,GDPPR,363425008,Malignant tumour of maxillary sinus
covariate_comorbidities,cancer,GDPPR,722524005,Primary invasive pleomorphic lobular carcinoma of breast (disorder)
covariate_comorbidities,cancer,GDPPR,187999008,Malignant neoplasm of connective and soft tissue of hip and lower limb
covariate_comorbidities,cancer,GDPPR,187798008,Malignant neoplasm of ectopic pancreatic tissue
covariate_comorbidities,cancer,GDPPR,93975006,Malignant neoplasm of pubis
covariate_comorbidities,cancer,GDPPR,187946002,Malignant neoplasm of second metacarpal bone (disorder)
covariate_comorbidities,cancer,GDPPR,285605009,Metastasis to pleura of unknown primary (disorder)
covariate_comorbidities,cancer,GDPPR,314418005,Leukemic infiltrate of retina (disorder)
covariate_comorbidities,cancer,GDPPR,254484001,Malignant tumor of posterior margin of nasal septum and choanae
covariate_comorbidities,cancer,GDPPR,363377003,Malignant tumour of lingual tonsil
covariate_comorbidities,cancer,GDPPR,956331000000107,Malignant melanoma stage IA (finding)
covariate_comorbidities,cancer,GDPPR,1080941000119109,Malignant melanoma of left choroid (disorder)
covariate_comorbidities,cancer,GDPPR,188580008,"Hodgkin's disease, mixed cellularity of intrapelvic lymph nodes (disorder)"
covariate_comorbidities,cancer,GDPPR,363378008,Malignant tumor of major salivary gland
covariate_comorbidities,cancer,GDPPR,94513006,Secondary malignant neoplasm of rectum
covariate_comorbidities,cancer,GDPPR,269460009,Malignant tumor of greater curve of stomach
covariate_comorbidities,cancer,GDPPR,94360002,Secondary malignant neoplasm of kidney
covariate_comorbidities,cancer,GDPPR,363399006,Malignant tumor of hypopharynx
covariate_comorbidities,cancer,GDPPR,240794006,Splenic schistosomal giant cell lymphoma (disorder)
covariate_comorbidities,cancer,GDPPR,363368005,Carcinoma of body of pancreas (disorder)
covariate_comorbidities,cancer,GDPPR,94710006,Mycosis fungoides of lymph nodes of axilla AND/OR upper limb
covariate_comorbidities,cancer,GDPPR,721629005,Linitis plastica of stomach (disorder)
covariate_comorbidities,cancer,GDPPR,307636001,"Malignant lymphoma, mixed lymphocytic-histiocytic, nodular (disorder)"
covariate_comorbidities,cancer,GDPPR,403927001,Malignant melanoma of nail apparatus (disorder)
covariate_comorbidities,cancer,GDPPR,187967002,Malignant neoplasm of calcaneum
covariate_comorbidities,cancer,GDPPR,187948001,Malignant neoplasm of fourth metacarpal bone (disorder)
covariate_comorbidities,cancer,GDPPR,277466009,Lymphoproliferative disorder (disorder)
covariate_comorbidities,cancer,GDPPR,285613005,Metastasis to liver of unknown primary (disorder)
covariate_comorbidities,cancer,GDPPR,309245001,Adenocarcinoma of uterus (disorder)
covariate_comorbidities,cancer,GDPPR,187633009,Malignant neoplasm of dorsal surface of tongue
covariate_comorbidities,cancer,GDPPR,313427003,Lambda light chain myeloma
covariate_comorbidities,cancer,GDPPR,314962005,Local recurrence of malignant tumor of gallbladder (disorder)
covariate_comorbidities,cancer,GDPPR,363383000,Malignant tumour of upper gingiva
covariate_comorbidities,cancer,GDPPR,71985006,Carcinomatous myopathic syndrome (disorder)
covariate_comorbidities,cancer,GDPPR,277782009,Malignant peritoneal local recurrence (disorder)
covariate_comorbidities,cancer,GDPPR,94264008,Secondary malignant neoplasm of soft tissues (disorder)
covariate_comorbidities,cancer,GDPPR,169403005,Radiochemotherapy: into cavity (procedure)
covariate_comorbidities,cancer,GDPPR,94628003,Secondary malignant neoplasm of the retroperitoneum
covariate_comorbidities,cancer,GDPPR,254435009,Carcinoma of soft palate (disorder)
covariate_comorbidities,cancer,GDPPR,187793004,Malignant tumor of pancreatic duct
covariate_comorbidities,cancer,GDPPR,709830006,Malignant carcinoid tumor of stomach (disorder)
covariate_comorbidities,cancer,GDPPR,95210003,Plasma cell leukemia
covariate_comorbidities,cancer,GDPPR,94225005,Secondary malignant neoplasm of brain
covariate_comorbidities,cancer,GDPPR,188023004,Malignant neoplasm of connective and soft tissue of sacrum or coccyx (disorder)
covariate_comorbidities,cancer,GDPPR,255071008,Squamous cell carcinoma of lip (disorder)
covariate_comorbidities,cancer,GDPPR,93985007,Primary malignant neoplasm of renal pelvis (disorder)
covariate_comorbidities,cancer,GDPPR,254973003,Malignant astrocytoma of optic nerve (disorder)
covariate_comorbidities,cancer,GDPPR,93545005,Hodgkin's paragranuloma of spleen (disorder)
covariate_comorbidities,cancer,GDPPR,254570009,Carcinoma of duodenum (disorder)
covariate_comorbidities,cancer,GDPPR,1081561000119108,Recurrent primary malignant neoplasm of right female breast (disorder)
covariate_comorbidities,cancer,GDPPR,448992002,Malignant epithelial neoplasm of appendix (disorder)
covariate_comorbidities,cancer,GDPPR,187685006,Malignant neoplasm of junctional region of epiglottis
covariate_comorbidities,cancer,GDPPR,188321006,Malignant neoplasm of peripheral nerves and autonomic nervous system
covariate_comorbidities,cancer,GDPPR,363396004,Malignant tumor of branchial cleft (disorder)
covariate_comorbidities,cancer,GDPPR,699357004,Low grade endometrial stromal sarcoma (disorder)
covariate_comorbidities,cancer,GDPPR,403906006,Metastatic squamous cell carcinoma (disorder)
covariate_comorbidities,cancer,GDPPR,188019007,Malignant neoplasm of connective and soft tissue of pelvis
covariate_comorbidities,cancer,GDPPR,188570009,"Hodgkin's disease, nodular sclerosis of intrapelvic lymph nodes (disorder)"
covariate_comorbidities,cancer,GDPPR,94112009,Malignant neoplasm of ulna
covariate_comorbidities,cancer,GDPPR,188265001,Malignant neoplasm of crystalline lens (disorder)
covariate_comorbidities,cancer,GDPPR,95193005,Nodular lymphoma of spleen (disorder)
covariate_comorbidities,cancer,GDPPR,94527001,Secondary malignant neoplasm of sacrum (disorder)
covariate_comorbidities,cancer,GDPPR,254730000,Superficial spreading malignant melanoma of skin (disorder)
covariate_comorbidities,cancer,GDPPR,94475009,Secondary malignant neoplasm of parotid lymph nodes
covariate_comorbidities,cancer,GDPPR,188159008,Malignant neoplasm of ectopic site of female breast
covariate_comorbidities,cancer,GDPPR,93643005,Malignant melanoma of skin of nose
covariate_comorbidities,cancer,GDPPR,187973001,Malignant neoplasm of first metatarsal bone
covariate_comorbidities,cancer,GDPPR,363393007,Malignant tumor of tonsil
covariate_comorbidities,cancer,GDPPR,93769007,Primary malignant neoplasm of cuboid (disorder)
covariate_comorbidities,cancer,GDPPR,188273005,Malignant neoplasm of lacrimal sac
covariate_comorbidities,cancer,GDPPR,371982006,Malignant neoplasm of endocrine gland (disorder)
covariate_comorbidities,cancer,GDPPR,94597008,Secondary malignant neoplasm of spermatic cord (disorder)
covariate_comorbidities,cancer,GDPPR,363419009,Malignant tumor of head of pancreas
covariate_comorbidities,cancer,GDPPR,109977009,Peripheral T-cell lymphoma (clinical)
covariate_comorbidities,cancer,GDPPR,314989000,Metastasis from malignant tumor of soft tissues (disorder)
covariate_comorbidities,cancer,GDPPR,372139008,Primary malignant neoplasm of gallbladder (disorder)
covariate_comorbidities,cancer,GDPPR,188263008,Malignant neoplasm of ciliary body
covariate_comorbidities,cancer,GDPPR,109996008,"Myelodysplastic syndrome: Refractory anemia, without ringed sideroblasts, without excess blasts (disorder)"
covariate_comorbidities,cancer,GDPPR,94081005,Primary malignant neoplasm of sweat gland (disorder)
covariate_comorbidities,cancer,GDPPR,313355000,Squamous cell carcinoma of bronchus in right lower lobe (disorder)
covariate_comorbidities,cancer,GDPPR,93681000,Malignant neoplasm of areola of male breast
covariate_comorbidities,cancer,GDPPR,448994001,Malignant epithelial neoplasm of upper rectum (disorder)
covariate_comorbidities,cancer,GDPPR,277625002,Follicular non-Hodgkin's small cleaved cell lymphoma
covariate_comorbidities,cancer,GDPPR,847741000000106,Diffuse large B-cell lymphoma (disorder)
covariate_comorbidities,cancer,GDPPR,269581007,Malignant melanoma of lower limb (disorder)
covariate_comorbidities,cancer,GDPPR,94454001,Secondary malignant neoplasm of oropharynx (disorder)
covariate_comorbidities,cancer,GDPPR,254792006,Proliferating angioendotheliomatosis
covariate_comorbidities,cancer,GDPPR,128041000119107,Primary adenocarcinoma of distal third of esophagus (disorder)
covariate_comorbidities,cancer,GDPPR,188239000,Malignant tumor of trigone of urinary bladder
covariate_comorbidities,cancer,GDPPR,188069004,Malignant melanoma of thigh
covariate_comorbidities,cancer,GDPPR,188152004,Malignant neoplasm of upper-inner quadrant of female breast
covariate_comorbidities,cancer,GDPPR,188077000,Malignant melanoma of great toe
covariate_comorbidities,cancer,GDPPR,307649006,Microglioma (disorder)
covariate_comorbidities,cancer,GDPPR,236513009,Lymphoma of kidney (disorder)
covariate_comorbidities,cancer,GDPPR,93745008,Primary malignant neoplasm of central portion of female breast (disorder)
covariate_comorbidities,cancer,GDPPR,109371002,Overlapping malignant neoplasm of bronchus and lung
covariate_comorbidities,cancer,GDPPR,254989000,Carcinoma ex pleomorphic adenoma of lacrimal gland (disorder)
covariate_comorbidities,cancer,GDPPR,188589009,"Hodgkin's disease, lymphocytic depletion of lymph nodes of axilla and upper limb"
covariate_comorbidities,cancer,GDPPR,188741003,Aleukemic myeloid leukemia (disorder)
covariate_comorbidities,cancer,GDPPR,314970000,Local recurrence of malignant tumor of cervix (disorder)
covariate_comorbidities,cancer,GDPPR,278054005,Lobular carcinoma of breast (disorder)
covariate_comorbidities,cancer,GDPPR,94395004,Secondary malignant neoplasm of lymph nodes of lower limb
covariate_comorbidities,cancer,GDPPR,314991008,Metastasis from malignant tumor of adrenal gland (disorder)
covariate_comorbidities,cancer,GDPPR,281560004,Neuroblastoma of brain
covariate_comorbidities,cancer,GDPPR,118618005,Mycosis fungoides (clinical)
covariate_comorbidities,cancer,GDPPR,188068007,Malignant melanoma of hip
covariate_comorbidities,cancer,GDPPR,285312008,Carcinoma of sigmoid colon (disorder)
covariate_comorbidities,cancer,GDPPR,314965007,Local recurrence of malignant tumor of colon (disorder)
covariate_comorbidities,cancer,GDPPR,254889004,Carcinoma of cervix stage 0 (disorder)
covariate_comorbidities,cancer,GDPPR,94642006,Secondary malignant neoplasm of tracheobronchial lymph nodes
covariate_comorbidities,cancer,GDPPR,93676009,Primary malignant neoplasm of anus (disorder)
covariate_comorbidities,cancer,GDPPR,414553000,Kappa light chain myeloma (disorder)
covariate_comorbidities,cancer,GDPPR,254844000,Malignant phyllodes tumor of breast (disorder)
covariate_comorbidities,cancer,GDPPR,238831000000103,Delivery of exclusively oral chemotherapy for neoplasm (regime/therapy)
covariate_comorbidities,cancer,GDPPR,94243009,Secondary malignant neoplasm of central nervous system (disorder)
covariate_comorbidities,cancer,GDPPR,187741001,Malignant tumour of fundus of stomach
covariate_comorbidities,cancer,GDPPR,254948003,Astrocytoma of spinal cord (disorder)
covariate_comorbidities,cancer,GDPPR,254731001,Nodular malignant melanoma of skin (disorder)
covariate_comorbidities,cancer,GDPPR,254983004,Malignant tumor of spinal nerve and sheath (disorder)
covariate_comorbidities,cancer,GDPPR,187845002,Malignant neoplasm of cuneiform cartilage (disorder)
covariate_comorbidities,cancer,GDPPR,398271008,Predominantly T-cell defect (finding)
covariate_comorbidities,cancer,GDPPR,188575004,"Hodgkin's disease, mixed cellularity of lymph nodes of head, face and neck"
covariate_comorbidities,cancer,GDPPR,363471001,Malignant neoplasm of cerebral ventricles
covariate_comorbidities,cancer,GDPPR,188272000,Malignant neoplasm of lacrimal gland
covariate_comorbidities,cancer,GDPPR,188156001,Malignant neoplasm of axillary tail of female breast
covariate_comorbidities,cancer,GDPPR,443144000,Metastatic sarcoma (disorder)
covariate_comorbidities,cancer,GDPPR,188662007,"Mast cell malignancy of lymph nodes of head, face and neck (disorder)"
covariate_comorbidities,cancer,GDPPR,188544008,"Hodgkin's sarcoma of lymph nodes of head, face and neck (disorder)"
covariate_comorbidities,cancer,GDPPR,363429002,Malignant tumour of larynx
covariate_comorbidities,cancer,GDPPR,109848009,Overlapping malignant neoplasm of pancreas
covariate_comorbidities,cancer,GDPPR,187697007,Malignant tumour of fossa of Rosenmuller
covariate_comorbidities,cancer,GDPPR,724060008,Malignant neoplasm of right upper lobe of lung (disorder)
covariate_comorbidities,cancer,GDPPR,109823006,Overlapping malignant neoplasm of tongue
covariate_comorbidities,cancer,GDPPR,363451005,Malignant tumour of glans penis
covariate_comorbidities,cancer,GDPPR,188183000,Malignant neoplasm of cervical stump
covariate_comorbidities,cancer,GDPPR,1090261000000108,Malignant neoplasm of descended testis (disorder)
covariate_comorbidities,cancer,GDPPR,238851000000105,Delivery of complex parenteral chemotherapy for neoplasm at first attendance (procedure)
covariate_comorbidities,cancer,GDPPR,188015001,Malignant neoplasm of connective and soft tissue of abdomen
covariate_comorbidities,cancer,GDPPR,93524003,"Hodgkin's disease of lymph nodes of head, face AND/OR neck"
covariate_comorbidities,cancer,GDPPR,187624007,Malignant neoplasm of overlapping lesion of lip
covariate_comorbidities,cancer,GDPPR,278044006,Malignant neuroma of mediastinum (disorder)
covariate_comorbidities,cancer,GDPPR,109912006,Overlapping malignant neoplasm of brain
covariate_comorbidities,cancer,GDPPR,702369008,Carcinosarcoma of uterus (disorder)
covariate_comorbidities,cancer,GDPPR,254878006,Endometrial carcinoma (disorder)
covariate_comorbidities,cancer,GDPPR,271568003,"Malig neoplasm of lower lip, oral aspect"
covariate_comorbidities,cancer,GDPPR,187640005,Malignant neoplasm of anterior 2/3 of tongue ventral surface
covariate_comorbidities,cancer,GDPPR,425111000000106,[X]Additional neoplasm classification terms (disorder)
covariate_comorbidities,cancer,GDPPR,187801002,Malignant tumour of peritoneum and retroperitoneum
covariate_comorbidities,cancer,GDPPR,94297009,Secondary malignant neoplasm of female breast
covariate_comorbidities,cancer,GDPPR,190818004,waldenstrom's macroglobulinemia (disorder)
covariate_comorbidities,cancer,GDPPR,188458007,Secondary malignant neoplasm of skin of shoulder and arm
covariate_comorbidities,cancer,GDPPR,712525007,Malignant neoplasm of short bone of lower limb
covariate_comorbidities,cancer,GDPPR,721628002,Primary adenocarcinoma of esophagogastric junction (disorder)
covariate_comorbidities,cancer,GDPPR,93728003,Malignant neoplasm of broad ligament
covariate_comorbidities,cancer,GDPPR,110005000,Acute myelomonocytic leukaemia (clinical)
covariate_comorbidities,cancer,GDPPR,314967004,Local recurrence of malignant tumor of kidney (disorder)
covariate_comorbidities,cancer,GDPPR,254474002,Malignant tumor of nasal skeleton (disorder)
covariate_comorbidities,cancer,GDPPR,187700006,Malignant tumor of anterior wall of nasopharynx
covariate_comorbidities,cancer,GDPPR,94361000000105,Breast cancer detected by national screening programme (disorder)
covariate_comorbidities,cancer,GDPPR,93997008,Malignant neoplasm of scapula
covariate_comorbidities,cancer,GDPPR,94538001,Secondary malignant neoplasm of sigmoid colon (disorder)
covariate_comorbidities,cancer,GDPPR,62497000,Stewart-Treves syndrome (disorder)
covariate_comorbidities,cancer,GDPPR,285610008,Metastasis to large intestine of unknown primary (disorder)
covariate_comorbidities,cancer,GDPPR,93542008,"Hodgkin's paragranuloma of lymph nodes of head, face AND/OR neck"
covariate_comorbidities,cancer,GDPPR,109885001,Overlapping malignant neoplasm of vulva
covariate_comorbidities,cancer,GDPPR,254896002,Malignant melanoma of vulva (disorder)
covariate_comorbidities,cancer,GDPPR,285615003,Metastasis to spleen of unknown primary (disorder)
covariate_comorbidities,cancer,GDPPR,254938000,Astrocytoma of brain (disorder)
covariate_comorbidities,cancer,GDPPR,93225001,Malignant melanoma of skin of face
covariate_comorbidities,cancer,GDPPR,187769009,Primary carcinoma of liver
covariate_comorbidities,cancer,GDPPR,94566009,Secondary malignant neoplasm of skin of neck
covariate_comorbidities,cancer,GDPPR,187940008,Malignant neoplasm of carpal bone - pisiform (disorder)
covariate_comorbidities,cancer,GDPPR,188256008,Malignant neoplasm of overlapping lesion of urinary organs
covariate_comorbidities,cancer,GDPPR,187606005,Malignant tumour of oral aspect of upper lip
covariate_comorbidities,cancer,GDPPR,188282004,Malignant neoplasm of cerebral cortex
covariate_comorbidities,cancer,GDPPR,254619006,Adenoid cystic carcinoma of trachea (disorder)
covariate_comorbidities,cancer,GDPPR,95224004,Reticulosarcoma of intra-abdominal lymph nodes
covariate_comorbidities,cancer,GDPPR,269459004,Malignant tumour of lesser curve of stomach
covariate_comorbidities,cancer,GDPPR,187613005,"Malignant neoplasm of lower lip, buccal aspect"
covariate_comorbidities,cancer,GDPPR,363392002,Malignant tumour of oropharynx
covariate_comorbidities,cancer,GDPPR,188572001,"Hodgkin's disease, nodular sclerosis of lymph nodes of multiple sites"
covariate_comorbidities,cancer,GDPPR,188295009,Malignant neoplasm of cerebral peduncle
covariate_comorbidities,cancer,GDPPR,277627005,Nodular high grade B-cell lymphoma (disorder)
covariate_comorbidities,cancer,GDPPR,315601005,Ambulatory chemotherapy (procedure)
covariate_comorbidities,cancer,GDPPR,9893005,Immunodeficiency with thymoma (disorder)
covariate_comorbidities,cancer,GDPPR,188102008,Malignant neoplasm of scalp AND/OR skin of neck (disorder)
covariate_comorbidities,cancer,GDPPR,94254004,Secondary malignant neoplasm of choroid (disorder)
covariate_comorbidities,cancer,GDPPR,277474005,B-cell chronic lymphocytic leukaemia variant
covariate_comorbidities,cancer,GDPPR,253006001,Somatostatinoma (disorder)
covariate_comorbidities,cancer,GDPPR,94085001,Malignant neoplasm of temporal bone
covariate_comorbidities,cancer,GDPPR,403900000,Spindle cell squamous cell carcinoma (disorder)
covariate_comorbidities,cancer,GDPPR,429014004,History of malignant lymphoma (situation)
covariate_comorbidities,cancer,GDPPR,372001002,Primary malignant neoplasm of oral cavity (disorder)
covariate_comorbidities,cancer,GDPPR,254888007,Adenosquamous carcinoma of cervix (disorder)
covariate_comorbidities,cancer,GDPPR,427141003,Malignant lymphoma in remission (disorder)
covariate_comorbidities,cancer,GDPPR,188492005,Reticulosarcoma of lymph nodes of axilla and upper limb (disorder)
covariate_comorbidities,cancer,GDPPR,255072001,Malignant tumor of salivary gland (disorder)
covariate_comorbidities,cancer,GDPPR,110000005,Refractory anemia with excess blasts in transformation (disorder)
covariate_comorbidities,cancer,GDPPR,269516007,Tongue carcinoma (disorder)
covariate_comorbidities,cancer,GDPPR,254850005,Serous papillary cystadenocarcinoma ovary (disorder)
covariate_comorbidities,cancer,GDPPR,188324003,"Malignant neoplasm of peripheral nerves of lower limb, including hip"
covariate_comorbidities,cancer,GDPPR,188459004,Secondary malignant neoplasm of skin of hip and leg
covariate_comorbidities,cancer,GDPPR,188034001,Malignant melanoma of external auditory meatus
covariate_comorbidities,cancer,GDPPR,275396004,Carcinoma of anterior two-thirds of tongue - dorsal surface (disorder)
covariate_comorbidities,cancer,GDPPR,93689003,Primary malignant neoplasm of bladder (disorder)
covariate_comorbidities,cancer,GDPPR,723301009,Squamous non-small cell lung cancer (disorder)
covariate_comorbidities,cancer,GDPPR,230586003,Neuropathy due to multiple myeloma
covariate_comorbidities,cancer,GDPPR,254855000,Mixed epithelial tumor of ovary (disorder)
covariate_comorbidities,cancer,GDPPR,93753000,Primary malignant neoplasm of cheek (disorder)
covariate_comorbidities,cancer,GDPPR,94711005,"Mycosis fungoides of lymph nodes of head, face AND/OR neck (disorder)"
covariate_comorbidities,cancer,GDPPR,363461003,Malignant tumour of eye
covariate_comorbidities,cancer,GDPPR,187938003,Malignant neoplasm of carpal bone - lunate
covariate_comorbidities,cancer,GDPPR,187996001,Malignant neoplasm of connective and soft tissue of finger
covariate_comorbidities,cancer,GDPPR,372101000,Carcinoma of extrahepatic bile duct (disorder)
covariate_comorbidities,cancer,GDPPR,188469005,Secondary malignant neoplasm of cervix uteri
covariate_comorbidities,cancer,GDPPR,188729005,Adult T-cell leukaemia
covariate_comorbidities,cancer,GDPPR,188261005,"Malignant neoplasm of eyeball excluding conjunctiva, cornea, retina and choroid"
covariate_comorbidities,cancer,GDPPR,187683004,Malignant neoplasm of glossoepiglottic fold
covariate_comorbidities,cancer,GDPPR,254828009,Malignant lipomatous tumor (disorder)
covariate_comorbidities,cancer,GDPPR,285421005,Immunoglobulin G myeloma (disorder)
covariate_comorbidities,cancer,GDPPR,1078901000119100,Primary adenocarcinoma of upper lobe of left lung (disorder)
covariate_comorbidities,cancer,GDPPR,285611007,Metastasis to colon of unknown primary (disorder)
covariate_comorbidities,cancer,GDPPR,426202004,Immune reconstitution syndrome (disorder)
covariate_comorbidities,cancer,GDPPR,313250007,Malignant neoplasm of lower eyelid (disorder)
covariate_comorbidities,cancer,GDPPR,254563009,Carcinoma of lesser curve of stomach (disorder)
covariate_comorbidities,cancer,GDPPR,271323007,"Malignant neoplasm of lip, oral cavity and pharynx"
covariate_comorbidities,cancer,GDPPR,363485006,Malignant tumor of minor salivary gland (disorder)
covariate_comorbidities,cancer,GDPPR,413446001,Adenocarcinoma of cecum (disorder)
covariate_comorbidities,cancer,GDPPR,733343005,Primary squamous cell carcinoma of oral cavity (disorder)
covariate_comorbidities,cancer,GDPPR,187977000,Malignant neoplasm of fifth metatarsal bone (disorder)
covariate_comorbidities,cancer,GDPPR,721696009,Primary adenocarcinoma of transverse colon (disorder)
covariate_comorbidities,cancer,GDPPR,188672005,Follicular non-Hodgkin's mixed small cleaved and large cell lymphoma
covariate_comorbidities,cancer,GDPPR,93230002,Malignant melanoma of skin of groin (disorder)
covariate_comorbidities,cancer,GDPPR,188009001,Malignant neoplasm of connective and soft tissue of thorax
covariate_comorbidities,cancer,GDPPR,169399001,Radiochemotherapy: oral route (procedure)
covariate_comorbidities,cancer,GDPPR,187631006,Malignant neoplasm of base of tongue dorsal surface
covariate_comorbidities,cancer,GDPPR,188245008,Malignant neoplasm of ureteric orifice
covariate_comorbidities,cancer,GDPPR,188151006,Malignant neoplasm of central part of female breast
covariate_comorbidities,cancer,GDPPR,1090971000000105,Malignant neoplasm of posterior wall of stomach (disorder)
covariate_comorbidities,cancer,GDPPR,255086002,Carcinoma common bile duct
covariate_comorbidities,cancer,GDPPR,699818003,T-cell large granular lymphocytic leukemia (disorder)
covariate_comorbidities,cancer,GDPPR,188754005,Thrombocytic leukemia
covariate_comorbidities,cancer,GDPPR,93746009,Malignant neoplasm of cerebellum
covariate_comorbidities,cancer,GDPPR,363348004,Malignant tumour of lip
covariate_comorbidities,cancer,GDPPR,187675005,Malignant tumour of palatopharyngeal arch
covariate_comorbidities,cancer,GDPPR,462401000000104,"[X]Malignant neoplasms of lymphoid, haematopoietic and related tissue (disorder)"
covariate_comorbidities,cancer,GDPPR,93677000,Malignant neoplasm of aortic body
covariate_comorbidities,cancer,GDPPR,449067008,Malignant neoplasm of parietal pleura (disorder)
covariate_comorbidities,cancer,GDPPR,188250002,Malignant neoplasm of kidney parenchyma
covariate_comorbidities,cancer,GDPPR,254517003,Malignant tumor of suprahyoid epiglottis (disorder)
covariate_comorbidities,cancer,GDPPR,254797000,Malignant hemangiopericytoma of skin (disorder)
covariate_comorbidities,cancer,GDPPR,188325002,Malignant neoplasm of peripheral nerve of thorax
covariate_comorbidities,cancer,GDPPR,254626006,Adenocarcinoma of lung (disorder)
covariate_comorbidities,cancer,GDPPR,187947006,Malignant neoplasm of third metacarpal bone (disorder)
covariate_comorbidities,cancer,GDPPR,255030002,Mixed follicular and papillary thyroid carcinoma (disorder)
covariate_comorbidities,cancer,GDPPR,254917006,Papillary cystadenocarcinoma of kidney (disorder)
covariate_comorbidities,cancer,GDPPR,187992004,Malignant neoplasm of connective and soft tissue of shoulder
covariate_comorbidities,cancer,GDPPR,187881004,"Malignant neoplasm of thymus, heart and mediastinum"
covariate_comorbidities,cancer,GDPPR,721638007,Primary neuroendocrine carcinoma of stomach (disorder)
covariate_comorbidities,cancer,GDPPR,274905008,"Malignant lymphoma - lymphocytic, intermediate differentiation"
covariate_comorbidities,cancer,GDPPR,274902006,Combined hepatocellular carcinoma and cholangiocarcinoma (disorder)
covariate_comorbidities,cancer,GDPPR,363506007,Malignant tumour of nasal sinuses
covariate_comorbidities,cancer,GDPPR,707582006,Primary spindle cell squamous cell carcinoma of oropharynx (disorder)
covariate_comorbidities,cancer,GDPPR,363430007,Malignant tumor of subglottis
covariate_comorbidities,cancer,GDPPR,265762008,Subcutaneous chemotherapy (procedure)
covariate_comorbidities,cancer,GDPPR,237252008,Placental site trophoblastic tumor (disorder)
covariate_comorbidities,cancer,GDPPR,363514001,Malignant tumour of female genital organ
covariate_comorbidities,cancer,GDPPR,462461000000100,[X]Malignant neoplasm of female genital organs (disorder)
covariate_comorbidities,cancer,GDPPR,254800003,Epithelioid cell sarcoma of skin (disorder)
covariate_comorbidities,cancer,GDPPR,269463006,Malignant tumor of middle ear and mastoid
covariate_comorbidities,cancer,GDPPR,275419009,Primary vulval cancer
covariate_comorbidities,cancer,GDPPR,313429000,Seminoma of descended testis
covariate_comorbidities,cancer,GDPPR,94230009,Secondary malignant neoplasm of bronchus of right lower lobe (disorder)
covariate_comorbidities,cancer,GDPPR,188568000,"Hodgkin's disease, nodular sclerosis of lymph nodes of axilla and upper limb"
covariate_comorbidities,cancer,GDPPR,109824000,Overlapping malignant neoplasm of major salivary gland (disorder)
covariate_comorbidities,cancer,GDPPR,254990009,Mucoepidermoid tumor of lacrimal gland (disorder)
covariate_comorbidities,cancer,GDPPR,187995002,Malignant neoplasm of connective and soft tissue of hand
covariate_comorbidities,cancer,GDPPR,232681000000103,Chemotherapy delivery (procedure)
covariate_comorbidities,cancer,GDPPR,314994000,Metastasis from malignant tumor of prostate (disorder)
covariate_comorbidities,cancer,GDPPR,417417007,Malignant teratoma of undescended testis (disorder)
covariate_comorbidities,cancer,GDPPR,94376006,Secondary malignant neoplasm of left upper lobe of lung (disorder)
covariate_comorbidities,cancer,GDPPR,441313008,Indolent multiple myeloma (disorder)
covariate_comorbidities,cancer,GDPPR,363467004,Malignant neoplasm of frontal lobe
covariate_comorbidities,cancer,GDPPR,363453008,Malignant tumour of spermatic cord
covariate_comorbidities,cancer,GDPPR,372097009,Malignant neoplasm of endocervix (disorder)
covariate_comorbidities,cancer,GDPPR,110013004,Overlapping malignant neoplasm of tonsil
covariate_comorbidities,cancer,GDPPR,187975008,Malignant neoplasm of third metatarsal bone (disorder)
covariate_comorbidities,cancer,GDPPR,372011009,Malignant tumor of soft tissue of upper limb (disorder)
covariate_comorbidities,cancer,GDPPR,312114001,Carcinoma of hepatic flexure (disorder)
covariate_comorbidities,cancer,GDPPR,94253005,Secondary malignant neoplasm of chest wall (disorder)
covariate_comorbidities,cancer,GDPPR,188567005,"Hodgkin's disease, nodular sclerosis of intra-abdominal lymph nodes"
covariate_comorbidities,cancer,GDPPR,188241004,Malignant neoplasm of lateral wall of urinary bladder
covariate_comorbidities,cancer,GDPPR,255069008,"Carcinoma of lip, oral cavity and pharynx"
covariate_comorbidities,cancer,GDPPR,188253000,Malignant tumour of pelviureteric junction
covariate_comorbidities,cancer,GDPPR,187792009,Malignant tumour of tail of pancreas
covariate_comorbidities,cancer,GDPPR,363458004,Malignant tumor of ureter
covariate_comorbidities,cancer,GDPPR,403977003,Angiosarcoma (disorder)
covariate_comorbidities,cancer,GDPPR,15956341000119105,Adenocarcinoma of left lung (disorder)
covariate_comorbidities,cancer,GDPPR,94602001,Secondary malignant neoplasm of vertebral column
covariate_comorbidities,cancer,GDPPR,254897006,Sarcoma of vulva (disorder)
covariate_comorbidities,cancer,GDPPR,189509003,"Refractory anemia without sideroblasts, so stated (disorder)"
covariate_comorbidities,cancer,GDPPR,276808007,Carcinoid tumor of stomach (disorder)
covariate_comorbidities,cancer,GDPPR,93956001,Primary malignant neoplasm of perianal skin (disorder)
covariate_comorbidities,cancer,GDPPR,707358000,Primary squamous cell carcinoma of larynx (disorder)
covariate_comorbidities,cancer,GDPPR,109369002,Overlapping malignant neoplasm of larynx
covariate_comorbidities,cancer,GDPPR,45221000119105,Primary invasive malignant neoplasm of female breast (disorder)
covariate_comorbidities,cancer,GDPPR,93196000,Malignant lymphoma of lymph nodes of inguinal region AND/OR lower limb
covariate_comorbidities,cancer,GDPPR,188512009,Burkitt's lymphoma of intra-abdominal lymph nodes
covariate_comorbidities,cancer,GDPPR,239071000000100,Delivery of subsequent element of cycle of chemotherapy for neoplasm (procedure)
covariate_comorbidities,cancer,GDPPR,93522004,Hodgkin's disease of intrathoracic lymph nodes
covariate_comorbidities,cancer,GDPPR,449420002,Malignant neoplasm of cerebellum (disorder)
covariate_comorbidities,cancer,GDPPR,188176007,Malignant neoplasm of endocervical canal
covariate_comorbidities,cancer,GDPPR,94478006,Secondary malignant neoplasm of pelvic bone (disorder)
covariate_comorbidities,cancer,GDPPR,188046002,Malignant melanoma of neck
covariate_comorbidities,cancer,GDPPR,93827000,Malignant neoplasm of hilus of lung
covariate_comorbidities,cancer,GDPPR,275490009,Carcinoma of tongue base - dorsal surface (disorder)
covariate_comorbidities,cancer,GDPPR,363381003,Malignant tumour of sublingual gland
covariate_comorbidities,cancer,GDPPR,94418000,Secondary malignant neoplasm of muscle of abdomen (disorder)
covariate_comorbidities,cancer,GDPPR,1091921000000103,B-cell non-Hodgkin's lymphoma (disorder)
covariate_comorbidities,cancer,GDPPR,1090281000000104,Malignant neoplasm of genital labia (disorder)
covariate_comorbidities,cancer,GDPPR,363502009,Malignant tumour of axilla
covariate_comorbidities,cancer,GDPPR,405843009,Widespread metastatic malignant neoplastic disease (disorder)
covariate_comorbidities,cancer,GDPPR,109358000,Overlapping malignant neoplasm of ill-defined site
covariate_comorbidities,cancer,GDPPR,423973006,"Carcinoma of uterine cervix, invasive (disorder)"
covariate_comorbidities,cancer,GDPPR,254840009,Inflammatory carcinoma of breast (disorder)
covariate_comorbidities,cancer,GDPPR,188445006,Secondary malignant neoplasm of retroperitoneum and peritoneum
covariate_comorbidities,cancer,GDPPR,703423002,Combined chemotherapy and radiation therapy (procedure)
covariate_comorbidities,cancer,GDPPR,1090291000000102,Malignant neoplasm of prepylorus of stomach (disorder)
covariate_comorbidities,cancer,GDPPR,188312005,Malignant neoplasm of cerebral dura mater (disorder)
covariate_comorbidities,cancer,GDPPR,367336001,Chemotherapy (procedure)
covariate_comorbidities,cancer,GDPPR,188513004,Burkitt's lymphoma of lymph nodes of axilla and upper limb (disorder)
covariate_comorbidities,cancer,GDPPR,254427006,Carcinoma of anterior part of floor of mouth (disorder)
covariate_comorbidities,cancer,GDPPR,717735006,Renal cell carcinoma of kidney except renal pelvis (disorder)
covariate_comorbidities,cancer,GDPPR,416769008,Malignant teratoma of testis (disorder)
covariate_comorbidities,cancer,GDPPR,277550009,Richter's syndrome
covariate_comorbidities,cancer,GDPPR,188726003,Subacute lymphoid leukemia
covariate_comorbidities,cancer,GDPPR,129000002,"Langerhans cell histiocytosis, unifocal (disorder)"
covariate_comorbidities,cancer,GDPPR,93759001,Malignant neoplasm of coccygeal body
covariate_comorbidities,cancer,GDPPR,363390005,Malignant tumour of palate
covariate_comorbidities,cancer,GDPPR,440422002,Asymptomatic multiple myeloma (disorder)
covariate_comorbidities,cancer,GDPPR,1090151000000104,Secondary malignant neoplasm of mastoid lymph nodes (disorder)
covariate_comorbidities,cancer,GDPPR,278055006,Malignant Leydig cell tumor of testis (disorder)
covariate_comorbidities,cancer,GDPPR,253003009,Carcinoid bronchial adenoma (disorder)
covariate_comorbidities,cancer,GDPPR,188674006,Diffuse malignant lymphoma - small non-cleaved cell
covariate_comorbidities,cancer,GDPPR,449224009,Malignant neoplasm of anterior mediastinum (disorder)
covariate_comorbidities,cancer,GDPPR,254986007,Malignant tumour of peripheral nerve
covariate_comorbidities,cancer,GDPPR,315058005,Hereditary nonpolyposis colon cancer
covariate_comorbidities,cancer,GDPPR,109969005,"Diffuse non-Hodgkin's lymphoma, large cell (clinical)"
covariate_comorbidities,cancer,GDPPR,956351000000100,Malignant melanoma stage IB (finding)
covariate_comorbidities,cancer,GDPPR,187833006,"Malignant neoplasm of auditory tube, middle ear and mastoid air cells"
covariate_comorbidities,cancer,GDPPR,188737002,Chloroma
covariate_comorbidities,cancer,GDPPR,359987004,Krukenberg tumor (disorder)
covariate_comorbidities,cancer,GDPPR,188280007,Malignant neoplasm of cerebrum (excluding lobes and ventricles)
covariate_comorbidities,cancer,GDPPR,254509006,Malignant tumor of anterior commissure (disorder)
covariate_comorbidities,cancer,GDPPR,1090181000000105,Secondary malignant neoplasm of inferior epigastric lymph nodes (disorder)
covariate_comorbidities,cancer,GDPPR,285609003,Metastasis to small intestine of unknown primary (disorder)
covariate_comorbidities,cancer,GDPPR,1090891000000103,Malignant neoplasm of connective and soft tissues of trunk (disorder)
covariate_comorbidities,cancer,GDPPR,254707006,Malignant skin tumor with eccrine differentiation (disorder)
covariate_comorbidities,cancer,GDPPR,394895009,Postoperative chemotherapy (procedure)
covariate_comorbidities,cancer,GDPPR,863761000000109,Clinical stage B chronic lymphocytic leukaemia (disorder)
covariate_comorbidities,cancer,GDPPR,94275007,Secondary malignant neoplasm of duodenum
covariate_comorbidities,cancer,GDPPR,372005006,Primary malignant neoplasm of penis (disorder)
covariate_comorbidities,cancer,GDPPR,399660006,Ring melanoma of ciliary body (disorder)
covariate_comorbidities,cancer,GDPPR,188234005,Malignant neoplasm of seminal vesicle
covariate_comorbidities,cancer,GDPPR,188510001,"Burkitt's lymphoma of lymph nodes of head, face and neck"
covariate_comorbidities,cancer,GDPPR,93143009,Leukaemia
covariate_comorbidities,cancer,GDPPR,276815004,Lymphoma of intestine (disorder)
covariate_comorbidities,cancer,GDPPR,253017000,Klatskin's tumor (disorder)
covariate_comorbidities,cancer,GDPPR,190030009,Compound leukemias (disorder)
covariate_comorbidities,cancer,GDPPR,426071002,Hodgkin's disease in remission (disorder)
covariate_comorbidities,cancer,GDPPR,94627008,Secondary malignant neoplasm of the peritoneum
covariate_comorbidities,cancer,GDPPR,187993009,"Malignant neoplasm of connective and soft tissue, upper arm"
covariate_comorbidities,cancer,GDPPR,93784003,Primary malignant neoplasm of epiglottis (disorder)
covariate_comorbidities,cancer,GDPPR,188478004,Malignant neoplasms of independent (primary) multiple sites
covariate_comorbidities,cancer,GDPPR,372106005,Carcinoma of penis (disorder)
covariate_comorbidities,cancer,GDPPR,276821000,Malignant melanoma of anus (disorder)
covariate_comorbidities,cancer,GDPPR,188075008,Malignant melanoma of foot
covariate_comorbidities,cancer,GDPPR,94312000,Secondary malignant neoplasm of gallbladder (disorder)
covariate_comorbidities,cancer,GDPPR,363466008,Malignant tumor of choroid
covariate_comorbidities,cancer,GDPPR,188641006,Malignant histiocytosis of lymph nodes of axilla and upper limb (disorder)
covariate_comorbidities,cancer,GDPPR,93927001,Malignant neoplasm of occipital bone
covariate_comorbidities,cancer,GDPPR,408646000,Adenocarcinoma of liver (disorder)
covariate_comorbidities,cancer,GDPPR,277605001,Tumor lysis syndrome (disorder)
covariate_comorbidities,cancer,GDPPR,363420003,Malignant retroperitoneal tumour
covariate_comorbidities,cancer,GDPPR,94416001,Secondary malignant neoplasm of mouth (disorder)
covariate_comorbidities,cancer,GDPPR,109984001,Gamma heavy chain disease (disorder)
covariate_comorbidities,cancer,GDPPR,94449005,Secondary malignant neoplasm of occipital lymph nodes
covariate_comorbidities,cancer,GDPPR,408645001,Adenocarcinoma of large intestine (disorder)
covariate_comorbidities,cancer,GDPPR,363431006,Malignant tumour of laryngeal cartilage
covariate_comorbidities,cancer,GDPPR,188487008,Lymphosarcoma and reticulosarcoma
covariate_comorbidities,cancer,GDPPR,307226002,Metastatic adenocarcinoma of unknown origin (disorder)
covariate_comorbidities,cancer,GDPPR,269617008,Secondary nodes - inguinal/leg (disorder)
covariate_comorbidities,cancer,GDPPR,188252005,Malignant neoplasm of renal calyx
covariate_comorbidities,cancer,GDPPR,254974009,Malignant tumor of optic nerve sheath (disorder)
covariate_comorbidities,cancer,GDPPR,254995004,Malignant hemangiopericytoma of orbit (disorder)
covariate_comorbidities,cancer,GDPPR,187693006,Malignant tumour of posterior wall of nasopharynx
covariate_comorbidities,cancer,GDPPR,188268004,Malignant neoplasm of connective tissue of orbit
covariate_comorbidities,cancer,GDPPR,116381000119105,Ganglioneuroblastoma (disorder)
covariate_comorbidities,cancer,GDPPR,92754004,Carcinoma in situ of spleen (disorder)
covariate_comorbidities,cancer,GDPPR,276803003,Adenocarcinoma of esophagus (disorder)
covariate_comorbidities,cancer,GDPPR,254547001,Carcinoma of upper third of esophagus (disorder)
covariate_comorbidities,cancer,GDPPR,363489000,Malignant tumour of neck
covariate_comorbidities,cancer,GDPPR,255075004,Malignant tumor of lateral nasal wall (disorder)
covariate_comorbidities,cancer,GDPPR,93870000,Malignant neoplasm of liver
covariate_comorbidities,cancer,GDPPR,448212009,Anaplastic lymphoma kinase negative anaplastic large cell lymphoma (disorder)
covariate_comorbidities,cancer,GDPPR,1090091000000108,Secondary malignant neoplasm of internal mammary lymph nodes (disorder)
covariate_comorbidities,cancer,GDPPR,404051002,Embryonal rhabdomyosarcoma (disorder)
covariate_comorbidities,cancer,GDPPR,188060000,Malignant melanoma of shoulder
covariate_comorbidities,cancer,GDPPR,363478007,Malignant tumor of thyroid gland
covariate_comorbidities,cancer,GDPPR,255066001,Carcinoma of genitourinary organ
covariate_comorbidities,cancer,GDPPR,426964009,"Non-small cell lung cancer, positive for epidermal growth factor receptor expression (disorder)"
covariate_comorbidities,cancer,GDPPR,187740000,Malignant tumor of pyloric antrum
covariate_comorbidities,cancer,GDPPR,58961005,Lethal midline granuloma (disorder)
covariate_comorbidities,cancer,GDPPR,94396003,Secondary malignant neoplasm of lymph nodes of multiple sites
covariate_comorbidities,cancer,GDPPR,93495008,"Hodgkin's disease, lymphocytic-histiocytic predominance of intrathoracic lymph nodes"
covariate_comorbidities,cancer,GDPPR,1090101000000100,Secondary malignant neoplasm of supratrochlear lymph nodes (disorder)
covariate_comorbidities,cancer,GDPPR,255015006,Malignant melanoma of ciliary body (disorder)
covariate_comorbidities,cancer,GDPPR,268500004,Prophylactic chemotherapy (procedure)
covariate_comorbidities,cancer,GDPPR,93945001,Malignant neoplasm of parietal bone
covariate_comorbidities,cancer,GDPPR,94460001,Secondary malignant neoplasm of pancreatic duct (disorder)
covariate_comorbidities,cancer,GDPPR,448233000,Malignant neoplasm of urinary organ (disorder)
covariate_comorbidities,cancer,GDPPR,254412006,Malignant tumor of tip of tongue (disorder)
covariate_comorbidities,cancer,GDPPR,187834000,Malignant tumor of Eustachian tube (disorder)
covariate_comorbidities,cancer,GDPPR,93526001,Hodgkin's disease of lymph nodes of multiple sites
covariate_comorbidities,cancer,GDPPR,255108000,Carcinoma of bladder (disorder)
covariate_comorbidities,cancer,GDPPR,707492001,Primary squamous cell carcinoma of hypopharynx (disorder)
covariate_comorbidities,cancer,GDPPR,93139005,Letterer-Siwe disease of lymph nodes of multiple sites
covariate_comorbidities,cancer,GDPPR,188322004,"Malignant neoplasm of peripheral nerves of head, face and neck"
covariate_comorbidities,cancer,GDPPR,681601000119101,Primary adenocarcinoma of ascending colon (disorder)
covariate_comorbidities,cancer,GDPPR,403924008,Desmoplastic malignant melanoma (disorder)
covariate_comorbidities,cancer,GDPPR,363426009,Malignant tumor of ethmoid sinus
covariate_comorbidities,cancer,GDPPR,359631009,"Acute myeloid leukemia, minimal differentiation, FAB M0 (disorder)"
covariate_comorbidities,cancer,GDPPR,188578002,"Hodgkin's disease, mixed cellularity of lymph nodes of axilla and upper limb (disorder)"
covariate_comorbidities,cancer,GDPPR,187918004,Malignant neoplasm of lumbar vertebra
covariate_comorbidities,cancer,GDPPR,314954002,Local recurrence of malignant tumor of lung (disorder)
covariate_comorbidities,cancer,GDPPR,188725004,Lymphatic leukaemia
covariate_comorbidities,cancer,GDPPR,94493005,Secondary malignant neoplasm of pleura
covariate_comorbidities,cancer,GDPPR,277654008,Enteropathy-associated T-cell lymphoma (disorder)
covariate_comorbidities,cancer,GDPPR,276751004,Amelanotic malignant melanoma of skin (disorder)
covariate_comorbidities,cancer,GDPPR,286900008,Carcinoma of epididymis/spermatic cord (disorder)
covariate_comorbidities,cancer,GDPPR,372064008,Malignant neoplasm of female breast (disorder)
covariate_comorbidities,cancer,GDPPR,118614007,Letterer-Siwe disease (clinical)
covariate_comorbidities,cancer,GDPPR,188645002,"Leukaemic reticuloendotheliosis of lymph nodes of head, face and neck"
covariate_comorbidities,cancer,GDPPR,187723009,Malignant neoplasm of thoracic esophagus
covariate_comorbidities,cancer,GDPPR,408642003,Transitional cell carcinoma of kidney (disorder)
covariate_comorbidities,cancer,GDPPR,363423001,Malignant tumour of nasal septum
covariate_comorbidities,cancer,GDPPR,308121000,Follicular non-Hodgkin's lymphoma
covariate_comorbidities,cancer,GDPPR,763477007,Primary lymphoma of conjunctiva (disorder)
covariate_comorbidities,cancer,GDPPR,443679004,Malignant neoplasm of skeletal system (disorder)
covariate_comorbidities,cancer,GDPPR,255114007,Kaposi's sarcoma of conjunctiva (disorder)
covariate_comorbidities,cancer,GDPPR,363376007,Malignant tumor of base of tongue
covariate_comorbidities,cancer,GDPPR,307651005,Myelosclerosis with myeloid metaplasia
covariate_comorbidities,cancer,GDPPR,188188009,Choriocarcinoma
covariate_comorbidities,cancer,GDPPR,109989006,Multiple myeloma (clinical)
covariate_comorbidities,cancer,GDPPR,956391000000108,Malignant melanoma stage IIB (finding)
covariate_comorbidities,cancer,GDPPR,721575005,Primary angiosarcoma of heart (disorder)
covariate_comorbidities,cancer,GDPPR,446643000,Sarcoma of dendritic cells (accessory cells) (disorder)
covariate_comorbidities,cancer,GDPPR,269616004,Secondary nodes - axilla/arm (disorder)
covariate_comorbidities,cancer,GDPPR,94537006,Secondary malignant neoplasm of shoulder (disorder)
covariate_comorbidities,cancer,GDPPR,187733001,Malignant neoplasm of cardiac orifice of stomach
covariate_comorbidities,cancer,GDPPR,254634000,Squamous cell carcinoma of lung (disorder)
covariate_comorbidities,cancer,GDPPR,314974009,Local recurrence of malignant tumor of soft tissue (disorder)
covariate_comorbidities,cancer,GDPPR,253001006,Merkel cell carcinoma (disorder)
covariate_comorbidities,cancer,GDPPR,363439008,Malignant tumour of soft tissue of head
covariate_comorbidities,cancer,GDPPR,187927003,Malignant neoplasm of xiphoid process
covariate_comorbidities,cancer,GDPPR,314961003,Local recurrence of malignant tumor of stomach (disorder)
covariate_comorbidities,cancer,GDPPR,254638002,Pancoast tumor (disorder)
covariate_comorbidities,cancer,GDPPR,109835005,Overlapping malignant neoplasm of esophagus
covariate_comorbidities,cancer,GDPPR,94668004,Secondary malignant neoplasm of vagina
covariate_comorbidities,cancer,GDPPR,93786001,Malignant neoplasm of ethmoid bone
covariate_comorbidities,cancer,GDPPR,684911000119105,Primary glioblastoma multiforme of frontal lobe (disorder)
covariate_comorbidities,cancer,GDPPR,448952004,Infiltrating duct carcinoma of female breast (disorder)
covariate_comorbidities,cancer,GDPPR,413441006,"Acute monocytic leukemia, FAB M5b (disorder)"
covariate_comorbidities,cancer,GDPPR,94579000,Secondary malignant neoplasm of skin
covariate_comorbidities,cancer,GDPPR,400001003,Primary cutaneous lymphoma (disorder)
covariate_comorbidities,cancer,GDPPR,302845006,"Nodular malignant lymphoma, lymphocytic - well differentiated (disorder)"
covariate_comorbidities,cancer,GDPPR,94582005,Secondary malignant neoplasm of soft tissues of abdomen (disorder)
covariate_comorbidities,cancer,GDPPR,847701000000108,Follicular lymphoma grade 3b (disorder)
covariate_comorbidities,cancer,GDPPR,188679001,Diffuse non-Hodgkin's lymphoma undifferentiated (diffuse)
covariate_comorbidities,cancer,GDPPR,254561006,Carcinoma of pylorus (disorder)
covariate_comorbidities,cancer,GDPPR,1090901000000102,Malignant neoplasm of peripheral nerves of trunk (disorder)
covariate_comorbidities,cancer,GDPPR,93952004,Malignant neoplasm of pelvic peritoneum
covariate_comorbidities,cancer,GDPPR,187968007,Malignant neoplasm of medial cuneiform
covariate_comorbidities,cancer,GDPPR,93789008,Malignant neoplasm of exocervix
covariate_comorbidities,cancer,GDPPR,254424004,Carcinoma of upper gum (disorder)
covariate_comorbidities,cancer,GDPPR,93990005,Malignant neoplasm of rib
covariate_comorbidities,cancer,GDPPR,188582000,"Hodgkin's disease, mixed cellularity of lymph nodes of multiple sites (disorder)"
covariate_comorbidities,cancer,GDPPR,94554003,Secondary malignant neoplasm of skin of face
covariate_comorbidities,cancer,GDPPR,372065009,Malignant neoplasm of main bronchus (disorder)
covariate_comorbidities,cancer,GDPPR,188240003,Malignant tumour of vault of bladder
covariate_comorbidities,cancer,GDPPR,711414003,Primary clear cell adenocarcinoma of lung (disorder)
covariate_comorbidities,cancer,GDPPR,109836006,Overlapping malignant neoplasm of stomach
covariate_comorbidities,cancer,GDPPR,188538009,Hodgkin's granuloma of lymph nodes of inguinal region and lower limb (disorder)
covariate_comorbidities,cancer,GDPPR,254918001,Sarcoma of kidney (disorder)
covariate_comorbidities,cancer,GDPPR,304545002,Adenocarcinoma of ileum (disorder)
covariate_comorbidities,cancer,GDPPR,277597005,Myelodysplastic syndrome with isolated del(5q) (disorder)
covariate_comorbidities,cancer,GDPPR,188517003,Burkitt's lymphoma of lymph nodes of multiple sites (disorder)
covariate_comorbidities,cancer,GDPPR,417570003,Gestational choriocarcinoma (disorder)
covariate_comorbidities,cancer,GDPPR,187808008,Malignant neoplasm of specified parts of peritoneum
covariate_comorbidities,cancer,GDPPR,265760000,Intravenous chemotherapy (procedure)
covariate_comorbidities,cancer,GDPPR,254732008,Acral lentiginous malignant melanoma of skin (disorder)
covariate_comorbidities,cancer,GDPPR,303017006,"Malignant lymphoma, convoluted cell type (disorder)"
covariate_comorbidities,cancer,GDPPR,254437001,Squamous cell carcinoma of buccal mucosa (disorder)
covariate_comorbidities,cancer,GDPPR,118611004,Sezary's disease (clinical)
covariate_comorbidities,cancer,GDPPR,93549004,Hodgkin's sarcoma of intrathoracic lymph nodes (disorder)
covariate_comorbidities,cancer,GDPPR,363496003,Malignant tumor of soft tissue of abdomen (disorder)
covariate_comorbidities,cancer,GDPPR,188230001,Malignant tumour of shaft of penis
covariate_comorbidities,cancer,GDPPR,363415003,Malignant tumor of biliary tract
covariate_comorbidities,cancer,GDPPR,187861000,Malignant neoplasm of upper lobe bronchus
covariate_comorbidities,cancer,GDPPR,372244006,Malignant melanoma (disorder)
covariate_comorbidities,cancer,GDPPR,188642004,Malignant histiocytosis of lymph nodes of inguinal region and lower limb (disorder)
covariate_comorbidities,cancer,GDPPR,277570003,Lymphoma with spill
covariate_comorbidities,cancer,GDPPR,93138002,Letterer-Siwe disease of lymph nodes of inguinal region AND/OR lower limb (disorder)
covariate_comorbidities,cancer,GDPPR,93980002,Primary malignant neoplasm of rectosigmoid junction (disorder)
covariate_comorbidities,cancer,GDPPR,109962001,Diffuse non-Hodgkin's lymphoma
covariate_comorbidities,cancer,GDPPR,277574007,Null cell acute lymphoblastic leukemia (disorder)
covariate_comorbidities,cancer,GDPPR,254969001,Malignant tumor of olfactory tract (disorder)
covariate_comorbidities,cancer,GDPPR,93661001,Primary malignant neoplasm of acromion (disorder)
covariate_comorbidities,cancer,GDPPR,93995000,Primary malignant neoplasm of sacrococcygeal region (disorder)
covariate_comorbidities,cancer,GDPPR,736322001,Pediatric follicular lymphoma (disorder)
covariate_comorbidities,cancer,GDPPR,187997005,Malignant neoplasm of connective and soft tissue of thumb
covariate_comorbidities,cancer,GDPPR,188243001,Malignant neoplasm of posterior wall of urinary bladder
covariate_comorbidities,cancer,GDPPR,188049009,Malignant melanoma of axilla
covariate_comorbidities,cancer,GDPPR,94402006,Secondary malignant neoplasm of male genital organ (disorder)
covariate_comorbidities,cancer,GDPPR,315001009,Metastasis from malignant tumor of gallbladder (disorder)
covariate_comorbidities,cancer,GDPPR,1098981000119101,Recurrent malignant neoplasm of prostate (disorder)
covariate_comorbidities,cancer,GDPPR,188020001,Malignant neoplasm of connective and soft tissue of buttock
covariate_comorbidities,cancer,GDPPR,188585003,"Hodgkin's disease, lymphocytic depletion of lymph nodes of head, face and neck (disorder)"
covariate_comorbidities,cancer,GDPPR,188313000,Malignant neoplasm of cerebral arachnoid mater (disorder)
covariate_comorbidities,cancer,GDPPR,373080008,Malignant neoplasm of breast lower inner quadrant (disorder)
covariate_comorbidities,cancer,GDPPR,276738009,Primary signet ring carcinoma of skin (disorder)
covariate_comorbidities,cancer,GDPPR,94248000,Secondary malignant neoplasm of cerebrum
covariate_comorbidities,cancer,GDPPR,254915003,Clear cell carcinoma of kidney (disorder)
covariate_comorbidities,cancer,GDPPR,94335002,Secondary malignant neoplasm of ileum
covariate_comorbidities,cancer,GDPPR,278453007,Acute biphenotypic leukemia (disorder)
covariate_comorbidities,cancer,GDPPR,286890004,Carcinoma of lower limb bones (disorder)
covariate_comorbidities,cancer,GDPPR,93655004,Malignant melanoma of skin
covariate_comorbidities,cancer,GDPPR,363351006,Malignant tumor of rectum
covariate_comorbidities,cancer,GDPPR,187976009,Malignant neoplasm of fourth metatarsal bone
covariate_comorbidities,cancer,GDPPR,188317004,Malignant neoplasm of spinal dura mater (disorder)
covariate_comorbidities,cancer,GDPPR,408643008,Infiltrating duct carcinoma of breast (disorder)
covariate_comorbidities,cancer,GDPPR,276828006,Glioblastoma multiforme of brain (disorder)
covariate_comorbidities,cancer,GDPPR,187644001,Malignant tumour of junctional zone of tongue
covariate_comorbidities,cancer,GDPPR,315009006,Metastasis from malignant tumor of tongue (disorder)
covariate_comorbidities,cancer,GDPPR,109367000,Overlapping malignant neoplasm of nasopharynx
covariate_comorbidities,cancer,GDPPR,255124004,Metastasis to peripheral nerve (disorder)
covariate_comorbidities,cancer,GDPPR,233940007,Pulmonary tumor embolism (disorder)
covariate_comorbidities,cancer,GDPPR,285839005,Acute myelomonocytic leukemia - eosinophilic variant (disorder)
covariate_comorbidities,cancer,GDPPR,118613001,Leukemic reticuloendotheliosis (clinical) [obs]
covariate_comorbidities,cancer,GDPPR,726654006,Malignant carcinoid tumor of colon (disorder)
covariate_comorbidities,cancer,GDPPR,188211001,Malignant neoplasm of greater vestibular (Bartholin's) gland
covariate_comorbidities,cancer,GDPPR,94291000119103,Mucinous adenocarcinoma of gastrointestinal tract (disorder)
covariate_comorbidities,cancer,GDPPR,413739009,Cancer monitoring invitation (procedure)
covariate_comorbidities,cancer,GDPPR,445269007,Extranodal marginal zone B-cell lymphoma of mucosa-associated lymphoid tissue (disorder)
covariate_comorbidities,cancer,GDPPR,254632001,Small cell carcinoma of lung (disorder)
covariate_comorbidities,cancer,GDPPR,956551000000106,Malignant melanoma stage IV M1c (finding)
covariate_comorbidities,cancer,GDPPR,94514000,Secondary malignant neoplasm of renal pelvis (disorder)
covariate_comorbidities,cancer,GDPPR,254553001,Carcinoma of cardia (disorder)
covariate_comorbidities,cancer,GDPPR,93781006,Primary malignant neoplasm of endometrium (disorder)
covariate_comorbidities,cancer,GDPPR,276870001,Carcinoma of fallopian tube (disorder)
covariate_comorbidities,cancer,GDPPR,118607005,"Hodgkin's disease, lymphocytic-histiocytic predominance (clinical)"
covariate_comorbidities,cancer,GDPPR,187842004,Malignant tumour of supraglottis
covariate_comorbidities,cancer,GDPPR,255067005,Sarcoma of bone and connective tissue
covariate_comorbidities,cancer,GDPPR,419052002,Malignant tumor of urinary system (disorder)
covariate_comorbidities,cancer,GDPPR,109391009,Kaposi's sarcoma of lymph nodes
covariate_comorbidities,cancer,GDPPR,371972005,Malignant neoplasm of body of uterus (disorder)
covariate_comorbidities,cancer,GDPPR,109875002,Overlapping malignant neoplasm of penis
covariate_comorbidities,cancer,GDPPR,285617006,Metastasis to retroperitoneum of unknown primary (disorder)
covariate_comorbidities,cancer,GDPPR,307601000,Pseudomyxoma peritonei (disorder)
covariate_comorbidities,cancer,GDPPR,307610008,Pilomatrix carcinoma of skin (disorder)
covariate_comorbidities,cancer,GDPPR,188189001,"Malignant neoplasm of corpus uteri, excluding isthmus"
covariate_comorbidities,cancer,GDPPR,363395000,Malignant tumor of vallecula
covariate_comorbidities,cancer,GDPPR,371967001,Primary malignant neoplasm of ampulla of Vater (disorder)
covariate_comorbidities,cancer,GDPPR,254876005,Endodermal sinus tumor of ovary (disorder)
covariate_comorbidities,cancer,GDPPR,285643007,Metastasis to adrenal gland of unknown primary (disorder)
covariate_comorbidities,cancer,GDPPR,277569004,Large granular lymphocytic leukemia
covariate_comorbidities,cancer,GDPPR,239297008,Lymphomatoid granulomatosis of the lung (disorder)
covariate_comorbidities,cancer,GDPPR,94515004,Secondary malignant neoplasm of respiratory tract
covariate_comorbidities,cancer,GDPPR,363465007,Malignant tumour of retina
covariate_comorbidities,cancer,GDPPR,254993006,Liposarcoma of orbit (disorder)
covariate_comorbidities,cancer,GDPPR,721619003,Primary squamous cell carcinoma of middle third of esophagus (disorder)
covariate_comorbidities,cancer,GDPPR,271943005,Carcinoma of base of tongue (disorder)
covariate_comorbidities,cancer,GDPPR,314995004,Metastasis from malignant tumor of bladder (disorder)
covariate_comorbidities,cancer,GDPPR,363382005,Malignant tumor of gum
covariate_comorbidities,cancer,GDPPR,95214007,Primary malignant neoplasm of liver
covariate_comorbidities,cancer,GDPPR,187957007,Malignant neoplasm of coccygeal vertebra
covariate_comorbidities,cancer,GDPPR,363363001,Malignant tumor of soft tissue of shoulder (disorder)
covariate_comorbidities,cancer,GDPPR,254714008,Mucinous eccrine carcinoma of skin (disorder)
covariate_comorbidities,cancer,GDPPR,94575006,Secondary malignant neoplasm of skin of trunk
covariate_comorbidities,cancer,GDPPR,721716004,Primary cholangiocarcinoma of intrahepatic biliary tract (disorder)
covariate_comorbidities,cancer,GDPPR,254712007,Microcystic adnexal carcinoma of skin (disorder)
covariate_comorbidities,cancer,GDPPR,118605002,Hodgkin's paragranuloma (clinical)
covariate_comorbidities,cancer,GDPPR,254526000,Malignant tumor of laryngeal ventricle (disorder)
covariate_comorbidities,cancer,GDPPR,188204000,Malignant neoplasm of round ligament (disorder)
covariate_comorbidities,cancer,GDPPR,255078002,"Malignant tumor of esophagus, stomach and duodenum (disorder)"
covariate_comorbidities,cancer,GDPPR,93880001,Malignant neoplasm of lung
covariate_comorbidities,cancer,GDPPR,277587001,Juvenile chronic myeloid leukemia (disorder)
covariate_comorbidities,cancer,GDPPR,278024000,Rhabdomyosarcoma of bladder (disorder)
covariate_comorbidities,cancer,GDPPR,722103009,Hormone sensitive prostate cancer (disorder)
covariate_comorbidities,cancer,GDPPR,188531003,Hodgkin's paragranuloma of lymph nodes of multiple sites (disorder)
covariate_comorbidities,cancer,GDPPR,721618006,Primary squamous cell carcinoma of upper third of esophagus (disorder)
covariate_comorbidities,cancer,GDPPR,187637005,"Malignant neoplasm of tongue, tip and lateral border"
covariate_comorbidities,cancer,GDPPR,93775003,Primary malignant neoplasm of duodenum (disorder)
covariate_comorbidities,cancer,GDPPR,16341002,Parapsoriasis lichenoides (disorder)
covariate_comorbidities,cancer,GDPPR,94181007,Secondary malignant neoplasm of axillary lymph nodes
covariate_comorbidities,cancer,GDPPR,94280003,Secondary malignant neoplasm of endocrine gland (disorder)
covariate_comorbidities,cancer,GDPPR,187786003,Malignant neoplasm of sphincter of Oddi (disorder)
covariate_comorbidities,cancer,GDPPR,363484005,Malignant tumor of pelvis
covariate_comorbidities,cancer,GDPPR,187708004,Malignant tumor aryepiglottic fold - hypopharyngeal aspect
covariate_comorbidities,cancer,GDPPR,285618001,Metastasis to bone of unknown primary (disorder)
covariate_comorbidities,cancer,GDPPR,255083005,Malignant tumor of anus and anal canal
covariate_comorbidities,cancer,GDPPR,94392001,Secondary malignant neoplasm of lymph node
covariate_comorbidities,cancer,GDPPR,32278006,Myeloma kidney
covariate_comorbidities,cancer,GDPPR,363389001,Malignant tumor of uvula
covariate_comorbidities,cancer,GDPPR,363372009,Malignant tumor of vermilion border of upper lip
covariate_comorbidities,cancer,GDPPR,956511000000107,Malignant melanoma stage IV M1a (finding)
covariate_comorbidities,cancer,GDPPR,269467007,Malignant neoplasm of hand bones
covariate_comorbidities,cancer,GDPPR,188660004,Malignant mast cell tumours
covariate_comorbidities,cancer,GDPPR,847651000000100,Follicular lymphoma grade 3 (disorder)
covariate_comorbidities,cancer,GDPPR,188675007,Malignant lymphoma - small cleaved cell (disorder)
covariate_comorbidities,cancer,GDPPR,255109008,Transitional cell carcinoma of bladder (disorder)
covariate_comorbidities,cancer,GDPPR,188287005,Malignant neoplasm of thalamus
covariate_comorbidities,cancer,GDPPR,314993006,Metastasis from malignant tumor of uterus (disorder)
covariate_comorbidities,cancer,GDPPR,371964008,Malignant neoplasm of adrenal cortex (disorder)
covariate_comorbidities,cancer,GDPPR,188637007,Sezary's disease of lymph nodes of multiple sites (disorder)
covariate_comorbidities,cancer,GDPPR,94626004,Secondary malignant neoplasm of omentum (disorder)
covariate_comorbidities,cancer,GDPPR,94281004,Secondary malignant neoplasm of endometrium (disorder)
covariate_comorbidities,cancer,GDPPR,255128001,Malignant infiltration of peripheral nerve (disorder)
covariate_comorbidities,cancer,GDPPR,363483004,Malignant tumour of pineal gland
covariate_comorbidities,cancer,GDPPR,448670003,Malignant neoplasm of posterior mediastinum (disorder)
covariate_comorbidities,cancer,GDPPR,254843006,Familial cancer of breast (disorder)
covariate_comorbidities,cancer,GDPPR,254637007,Non-small cell lung cancer (disorder)
covariate_comorbidities,cancer,GDPPR,254771006,Cutaneous leiomyosarcoma (disorder)
covariate_comorbidities,cancer,GDPPR,109988003,True histiocytic lymphoma (clinical)
covariate_comorbidities,cancer,GDPPR,428100006,Malignant neoplasm of thoracic cavity structure (disorder)
covariate_comorbidities,cancer,GDPPR,363462005,Malignant tumor of orbit
covariate_comorbidities,cancer,GDPPR,94381002,Secondary malignant neoplasm of liver
covariate_comorbidities,cancer,GDPPR,93494007,"Hodgkin's disease, lymphocytic-histiocytic predominance of intrapelvic lymph nodes"
covariate_comorbidities,cancer,GDPPR,188220005,Malignant tumor of ectopic testis (disorder)
covariate_comorbidities,cancer,GDPPR,93135004,Letterer-Siwe disease of intrathoracic lymph nodes
covariate_comorbidities,cancer,GDPPR,277642008,Low grade T-cell lymphoma (disorder)
covariate_comorbidities,cancer,GDPPR,94632009,Secondary malignant neoplasm of thymus (disorder)
covariate_comorbidities,cancer,GDPPR,363428005,Malignant tumor of sphenoid sinus
covariate_comorbidities,cancer,GDPPR,254635004,Epithelioid hemangioendothelioma of lung (disorder)
covariate_comorbidities,cancer,GDPPR,254622008,Squamous cell carcinoma of bronchus (disorder)
covariate_comorbidities,cancer,GDPPR,255123005,Metastasis to nervous system and eye (disorder)
covariate_comorbidities,cancer,GDPPR,363380002,Malignant tumor of submandibular gland
covariate_comorbidities,cancer,GDPPR,94087009,Primary malignant neoplasm of testis (disorder)
covariate_comorbidities,cancer,GDPPR,448993007,Malignant epithelial neoplasm of lung (disorder)
covariate_comorbidities,cancer,GDPPR,363494000,Malignant tumor of mediastinum
covariate_comorbidities,cancer,GDPPR,255110003,Adenocarcinoma of bladder (disorder)
covariate_comorbidities,cancer,GDPPR,254837009,Malignant tumor of breast
covariate_comorbidities,cancer,GDPPR,708921005,Carcinoma of central portion of breast (disorder)
covariate_comorbidities,cancer,GDPPR,1090951000000101,Malignant neoplasm of supraclavicular fossa (disorder)
covariate_comorbidities,cancer,GDPPR,285645000,Disseminated malignancy of unknown primary (disorder)
covariate_comorbidities,cancer,GDPPR,93665005,Primary malignant neoplasm of adrenal gland (disorder)
covariate_comorbidities,cancer,GDPPR,53523003,Poisoning caused by cactinomycin (disorder)
covariate_comorbidities,cancer,GDPPR,94336001,Secondary malignant neoplasm of iliac lymph nodes
covariate_comorbidities,cancer,GDPPR,302841002,Malignant lymphoma - small lymphocytic (disorder)
covariate_comorbidities,cancer,GDPPR,127230005,Neoplasm of spleen (disorder)
covariate_comorbidities,cancer,GDPPR,93191005,Malignant lymphoma of intra-abdominal lymph nodes
covariate_comorbidities,cancer,GDPPR,416712009,Clear cell (mesonephric) neoplasm of ovary (disorder)
covariate_comorbidities,cancer,GDPPR,109992005,Vaquez's disease
covariate_comorbidities,cancer,GDPPR,277616008,Diffuse low grade B-cell lymphoma (disorder)
covariate_comorbidities,cancer,GDPPR,722685004,Primary high grade serous adenocarcinoma of ovary (disorder)
covariate_comorbidities,cancer,GDPPR,254794007,Angiosarcoma of skin (disorder)
covariate_comorbidities,cancer,GDPPR,255088001,Malignant tumor of exocrine pancreas (disorder)
covariate_comorbidities,cancer,GDPPR,702392008,Metastatic renal cell carcinoma (disorder)
covariate_comorbidities,cancer,GDPPR,255004001,Malignant melanoma of conjunctiva (disorder)
covariate_comorbidities,cancer,GDPPR,398623004,Refractory anemia with excess blasts (disorder)
covariate_comorbidities,cancer,GDPPR,93146001,Leukemic reticuloendotheliosis of intrathoracic lymph nodes
covariate_comorbidities,cancer,GDPPR,188308004,Malignant neoplasm of olfactory bulb
covariate_comorbidities,cancer,GDPPR,94286009,Secondary malignant neoplasm of esophagus (disorder)
covariate_comorbidities,cancer,GDPPR,188209005,Malignant neoplasm of vaginal vault
covariate_comorbidities,cancer,GDPPR,188569008,"Hodgkin's disease, nodular sclerosis of lymph nodes of inguinal region and lower limb (disorder)"
covariate_comorbidities,cancer,GDPPR,187757001,"Malignant neoplasm, overlapping lesion of colon"
covariate_comorbidities,cancer,GDPPR,109847004,Overlapping malignant neoplasm of biliary tract
covariate_comorbidities,cancer,GDPPR,93973004,Malignant neoplasm of presacral region
covariate_comorbidities,cancer,GDPPR,93799003,Malignant neoplasm of fibula
covariate_comorbidities,cancer,GDPPR,187682009,"Malignant neoplasm of epiglottis, free border"
covariate_comorbidities,cancer,GDPPR,254586002,Malignant tumor of anorectal junction (disorder)
covariate_comorbidities,cancer,GDPPR,187941007,Malignant neoplasm of carpal bone - trapezium (disorder)
covariate_comorbidities,cancer,GDPPR,425231005,"Carcinoma of urinary bladder, superficial (disorder)"
covariate_comorbidities,cancer,GDPPR,188745007,Chronic monocytic leukemia
covariate_comorbidities,cancer,GDPPR,188666005,Mast cell malignancy of lymph nodes of inguinal region and lower limb
covariate_comorbidities,cancer,GDPPR,254625005,Malignant tumor of lung parenchyma (disorder)
covariate_comorbidities,cancer,GDPPR,1090821000000101,Malignant neoplasm of bone and articular cartilage (disorder)
covariate_comorbidities,cancer,GDPPR,884601000000103,Bowel scope (flexible sigmoidoscopy) screen: cancer detected (finding)
covariate_comorbidities,cancer,GDPPR,93814004,Malignant neoplasm of glomus jugulare
covariate_comorbidities,cancer,GDPPR,403923002,Spindle cell malignant melanoma (disorder)
covariate_comorbidities,cancer,GDPPR,315007008,Metastasis from malignant tumor of thyroid (disorder)
covariate_comorbidities,cancer,GDPPR,118617000,Burkitt's lymphoma (clinical)
covariate_comorbidities,cancer,GDPPR,187944004,Malignant neoplasm of carpal bone - hamate (disorder)
covariate_comorbidities,cancer,GDPPR,1092831000000100,Overlapping malignant neoplasm of mouth (disorder)
covariate_comorbidities,cancer,GDPPR,187991006,Malignant neoplasm of connective and soft tissue of upper limb and shoulder
covariate_comorbidities,cancer,GDPPR,275266006,Metastasis to digestive organs (disorder)
covariate_comorbidities,cancer,GDPPR,188163001,Malignant neoplasm of nipple and areola of male breast
covariate_comorbidities,cancer,GDPPR,424413001,Sarcoma (disorder)
covariate_comorbidities,cancer,GDPPR,373168002,Reticulosarcoma (disorder)
covariate_comorbidities,cancer,GDPPR,372014001,Primary malignant neoplasm of stomach (disorder)
covariate_comorbidities,cancer,GDPPR,254389005,Carcinoma of vermilion border of upper lip (disorder)
covariate_comorbidities,cancer,GDPPR,286899003,Carcinoma of genital organ (disorder)
covariate_comorbidities,cancer,GDPPR,363510005,Malignant tumor of large intestine (disorder)
covariate_comorbidities,cancer,GDPPR,187929000,Malignant neoplasm of scapula and long bones of upper arm
covariate_comorbidities,cancer,GDPPR,449635006,Primary malignant neoplasm of lower leg (disorder)
covariate_comorbidities,cancer,GDPPR,110002002,Mast cell leukemia (clinical)
covariate_comorbidities,cancer,GDPPR,187702003,Malignant tumor of nasopharyngeal soft palate surface (disorder)
covariate_comorbidities,cancer,GDPPR,187987001,Malignant neoplasm of cartilage of ear
covariate_comorbidities,cancer,GDPPR,428281000,Malignant neoplasm of bone (disorder)
covariate_comorbidities,cancer,GDPPR,363456000,Malignant tumor of urachus
covariate_comorbidities,cancer,GDPPR,188293002,Malignant neoplasm of floor of cerebral ventricle (disorder)
covariate_comorbidities,cancer,GDPPR,363473003,Malignant neoplasm of brainstem
covariate_comorbidities,cancer,GDPPR,372016004,Primary malignant neoplasm of the peritoneum (disorder)
covariate_comorbidities,cancer,GDPPR,449108003,Philadelphia chromosome positive chronic myelogenous leukemia (disorder)
covariate_comorbidities,cancer,GDPPR,405945003,Malignant neoplasm of metatarsal bone of foot (disorder)
covariate_comorbidities,cancer,GDPPR,91855006,Acute leukemia
covariate_comorbidities,cancer,GDPPR,187809000,Malignant neoplasm of mesocolon (disorder)
covariate_comorbidities,cancer,GDPPR,93933005,Primary malignant neoplasm of oropharynx (disorder)
covariate_comorbidities,cancer,GDPPR,109348004,Overlapping malignant neoplasm of bone and articular cartilage of limbs (disorder)
covariate_comorbidities,cancer,GDPPR,275399006,Malignant tumour of lipstick area of lip
covariate_comorbidities,cancer,GDPPR,254425003,Carcinoma of lower gum (disorder)
covariate_comorbidities,cancer,GDPPR,363454002,Malignant tumor of scrotum
covariate_comorbidities,cancer,GDPPR,277641001,"Malignant lymphoma - histiocytic, nodular"
covariate_comorbidities,cancer,GDPPR,285631006,Metastasis to skin of unknown primary (disorder)
covariate_comorbidities,cancer,GDPPR,95263006,Sezary's disease of spleen (disorder)
covariate_comorbidities,cancer,GDPPR,187791002,Malignant tumor of body of pancreas
covariate_comorbidities,cancer,GDPPR,1081781000119105,Primary seminoma of left testis (disorder)
covariate_comorbidities,cancer,GDPPR,363385007,Malignant tumor of floor of mouth
covariate_comorbidities,cancer,GDPPR,254543002,Carcinoma of abdominal part of esophagus (disorder)
covariate_comorbidities,cancer,GDPPR,363349007,Malignant tumor of stomach
covariate_comorbidities,cancer,GDPPR,188032002,Malignant melanoma of ear and external auricular canal
covariate_comorbidities,cancer,GDPPR,307637005,"Malignant lymphoma, centroblastic-centrocytic, follicular (disorder)"
covariate_comorbidities,cancer,GDPPR,314987003,Metastasis from malignant melanoma of skin (disorder)
covariate_comorbidities,cancer,GDPPR,93137007,"Letterer-Siwe disease of lymph nodes of head, face AND/OR neck (disorder)"
covariate_comorbidities,cancer,GDPPR,109991003,Acute myelofibrosis (clinical)
covariate_comorbidities,cancer,GDPPR,254934003,Malignant tumor of urethral stump (disorder)
covariate_comorbidities,cancer,GDPPR,254838004,Carcinoma of breast (disorder)
covariate_comorbidities,cancer,GDPPR,188489006,"Reticulosarcoma of lymph nodes of head, face and neck"
covariate_comorbidities,cancer,GDPPR,278060005,Endometrioid carcinoma of prostate (disorder)
covariate_comorbidities,cancer,GDPPR,302816009,"Malignant tumour of soft tissue of head, face and neck"
covariate_comorbidities,cancer,GDPPR,265761001,Intramuscular chemotherapy (procedure)
covariate_comorbidities,cancer,GDPPR,447949005,Malignant epithelial neoplasm of cheek (disorder)
covariate_comorbidities,cancer,GDPPR,398670003,Pigmented dermatofibrosarcoma protuberans of skin (disorder)
covariate_comorbidities,cancer,GDPPR,363509000,Malignant tumor of small intestine
covariate_comorbidities,cancer,GDPPR,188612002,Nodular lymphoma of lymph nodes of axilla and upper limb (disorder)
covariate_comorbidities,cancer,GDPPR,188010006,Malignant neoplasm of connective and soft tissue of axilla
covariate_comorbidities,cancer,GDPPR,423746001,Adenocarcinoma of pelvis (disorder)
covariate_comorbidities,cancer,GDPPR,127225006,Chronic myelomonocytic leukemia
covariate_comorbidities,cancer,GDPPR,312949007,Retinal pigment epithelial adenocarcinoma (disorder)
covariate_comorbidities,cancer,GDPPR,254980001,Malignant tumor of acoustic vestibular nerve
covariate_comorbidities,cancer,GDPPR,188070003,Malignant melanoma of knee
covariate_comorbidities,cancer,GDPPR,285634003,Metastasis to breast of unknown primary (disorder)
covariate_comorbidities,cancer,GDPPR,169398009,Radiochemotherapy: to stop spread (procedure)
covariate_comorbidities,cancer,GDPPR,1090921000000106,Malignant neoplasm of jaw (disorder)
covariate_comorbidities,cancer,GDPPR,110007008,Adult T-cell leukemia/lymphoma (disorder)
covariate_comorbidities,cancer,GDPPR,449066004,Malignant neoplasm of upper respiratory tract (disorder)
covariate_comorbidities,cancer,GDPPR,93924008,Malignant neoplasm of nipple of female breast
covariate_comorbidities,cancer,GDPPR,342571000000109,Siewert type I adenocarcinoma (disorder)
covariate_comorbidities,cancer,GDPPR,187701005,Malignant neoplasm of floor of nasopharynx (disorder)
covariate_comorbidities,cancer,GDPPR,254748009,Cutaneous fibrosarcoma (disorder)
covariate_comorbidities,cancer,GDPPR,93763008,Malignant neoplasm of common bile duct
covariate_comorbidities,cancer,GDPPR,363373004,Malignant tumour of vermilion border of lower lip
covariate_comorbidities,cancer,GDPPR,187604008,"Malignant neoplasm of lower lip, external"
covariate_comorbidities,cancer,GDPPR,188746008,Subacute monocytic leukaemia
covariate_comorbidities,cancer,GDPPR,363452003,Malignant tumor of epididymis
covariate_comorbidities,cancer,GDPPR,187760008,"Malignant neoplasm of rectum, rectosigmoid junction and anus"
covariate_comorbidities,cancer,GDPPR,448882009,Malignant neoplasm of intraabdominal organ (disorder)
covariate_comorbidities,cancer,GDPPR,371979001,Malignant neoplasm of clitoris (disorder)
covariate_comorbidities,cancer,GDPPR,255093003,Malignant skin tumor with adnexal differentiation (disorder)
covariate_comorbidities,cancer,GDPPR,255127006,Local tumor spread (disorder)
covariate_comorbidities,cancer,GDPPR,187653008,Malignant neoplasm of lateral portion of floor of mouth
covariate_comorbidities,cancer,GDPPR,363410008,Malignant tumour of sigmoid colon
covariate_comorbidities,cancer,GDPPR,187950009,Malignant neoplasm of phalanges of hand
covariate_comorbidities,cancer,GDPPR,363492001,Malignant tumor of peritoneum
covariate_comorbidities,cancer,GDPPR,847691000000108,Follicular lymphoma grade 3a (disorder)
covariate_comorbidities,cancer,GDPPR,254708001,Eccrine porocarcinoma of skin (disorder)
covariate_comorbidities,cancer,GDPPR,277626001,Diffuse high grade B-cell lymphoma (disorder)
covariate_comorbidities,cancer,GDPPR,314969001,Local recurrence of malignant tumor of prostate (disorder)
covariate_comorbidities,cancer,GDPPR,93683002,Primary malignant neoplasm of ascending colon (disorder)
covariate_comorbidities,cancer,GDPPR,95192000,Nodular lymphoma of lymph nodes of multiple sites
covariate_comorbidities,cancer,GDPPR,188586002,"Hodgkin's disease, lymphocytic depletion of intrathoracic lymph nodes (disorder)"
covariate_comorbidities,cancer,GDPPR,254904008,Carcinoma of glans penis (disorder)
covariate_comorbidities,cancer,GDPPR,188177003,Malignant neoplasm of endocervical gland
covariate_comorbidities,cancer,GDPPR,707452003,Primary mucinous adenocarcinoma of lung (disorder)
covariate_comorbidities,cancer,GDPPR,762690000,Classical Hodgkin lymphoma (disorder)
covariate_comorbidities,cancer,GDPPR,94634005,Secondary malignant neoplasm of thyroid gland (disorder)
covariate_comorbidities,cancer,GDPPR,285641009,Metastasis to brain of unknown primary (disorder)
covariate_comorbidities,cancer,GDPPR,277530005,Malignant melanoma of meninges (disorder)
covariate_comorbidities,cancer,GDPPR,276810009,Late gastric cancer (disorder)
covariate_comorbidities,cancer,GDPPR,372100004,Carcinoma of exocervix (disorder)
covariate_comorbidities,cancer,GDPPR,95111006,Neoplasm of uncertain behavior of spleen (disorder)
covariate_comorbidities,cancer,GDPPR,187865009,Malignant neoplasm of middle lobe bronchus
covariate_comorbidities,cancer,GDPPR,1090941000000104,Malignant neoplasm of inguinal region (disorder)
covariate_comorbidities,cancer,GDPPR,93984006,Primary malignant neoplasm of rectum (disorder)
covariate_comorbidities,cancer,GDPPR,448931007,Squamous cell carcinoma of shoulder (disorder)
covariate_comorbidities,cancer,GDPPR,363387004,Malignant tumor of hard palate
covariate_comorbidities,cancer,GDPPR,254431000,Carcinoma of lateral part of floor of mouth (disorder)
covariate_comorbidities,cancer,GDPPR,277664004,Malignant lymphoma of testis (disorder)
covariate_comorbidities,cancer,GDPPR,94606003,Secondary malignant neoplasm of stomach (disorder)
covariate_comorbidities,cancer,GDPPR,277619001,B-cell prolymphocytic leukaemia
covariate_comorbidities,cancer,GDPPR,188065005,Malignant melanoma of thumb
covariate_comorbidities,cancer,GDPPR,363400004,Malignant tumour of postcricoid region
covariate_comorbidities,cancer,GDPPR,109378008,Mesothelioma (malignant)(clinical)
covariate_comorbidities,cancer,GDPPR,93849006,Primary malignant neoplasm of kidney (disorder)
covariate_comorbidities,cancer,GDPPR,394894008,Pre-operative chemotherapy (procedure)
covariate_comorbidities,cancer,GDPPR,431396003,Human epidermal growth factor 2 negative carcinoma of breast (disorder)
covariate_comorbidities,cancer,GDPPR,443675005,Seminoma (disorder)
covariate_comorbidities,cancer,GDPPR,363379000,Malignant tumour of parotid gland
covariate_comorbidities,cancer,GDPPR,188664008,Mast cell malignancy of intra-abdominal lymph nodes (disorder)
covariate_comorbidities,cancer,GDPPR,92818009,Chronic myeloid leukemia
covariate_comorbidities,cancer,GDPPR,428322007,Malignant neoplasm of uterine adnexa (disorder)
covariate_comorbidities,cancer,GDPPR,1691000119104,Metastasis to liver from adenocarcinoma (disorder)
covariate_comorbidities,cancer,GDPPR,93217003,Malignant melanoma of skin of cheek
covariate_comorbidities,cancer,GDPPR,314999005,Metastasis from malignant tumor of pancreas (disorder)
covariate_comorbidities,cancer,GDPPR,94217008,Secondary malignant neoplasm of bone marrow (disorder)
covariate_comorbidities,cancer,GDPPR,254893005,Carcinoma of vagina (disorder)
covariate_comorbidities,cancer,GDPPR,863781000000100,Clinical stage C chronic lymphocytic leukaemia (disorder)
covariate_comorbidities,cancer,GDPPR,286897001,Carcinoma of breast - axillary tail (disorder)
covariate_comorbidities,cancer,GDPPR,93531004,Hodgkin's granuloma of intrathoracic lymph nodes (disorder)
covariate_comorbidities,cancer,GDPPR,423464009,Squamous cell carcinoma of oropharynx (disorder)
covariate_comorbidities,cancer,GDPPR,363358000,Malignant tumor of lung
covariate_comorbidities,cancer,GDPPR,188054000,Malignant melanoma of perineum
covariate_comorbidities,cancer,GDPPR,188691005,Malignant immunoproliferative small intestinal disease
covariate_comorbidities,cancer,GDPPR,721567004,Primary malignant neoplasm of placenta (disorder)
covariate_comorbidities,cancer,GDPPR,93934004,Primary malignant neoplasm of ovary (disorder)
covariate_comorbidities,cancer,GDPPR,363366009,Malignant tumour of soft tissue of pelvis
covariate_comorbidities,cancer,GDPPR,315004001,Metastasis from malignant tumor of breast (disorder)
covariate_comorbidities,cancer,GDPPR,277651000,Peripheral T-cell lymphoma - pleomorphic small cell (disorder)
covariate_comorbidities,cancer,GDPPR,254895003,Squamous cell carcinoma of vulva (disorder)
covariate_comorbidities,cancer,GDPPR,94609005,Secondary malignant neoplasm of submandibular lymph nodes
covariate_comorbidities,cancer,GDPPR,307593001,Disseminated carcinomatosis
covariate_comorbidities,cancer,GDPPR,255096006,Malignant tumor of dermis (disorder)
covariate_comorbidities,cancer,GDPPR,314988008,Metastasis from malignant tumor of skin (disorder)
covariate_comorbidities,cancer,GDPPR,285644001,Metastasis to lymph node of unknown primary (disorder)
covariate_comorbidities,cancer,GDPPR,254869000,Malignant germ cell tumor of ovary (disorder)
covariate_comorbidities,cancer,GDPPR,134421000,Pathological fracture due to metastatic bone disease
covariate_comorbidities,cancer,GDPPR,109841003,Liver cell carcinoma (clinical)
covariate_comorbidities,cancer,GDPPR,312113007,Carcinoma of descending colon (disorder)
covariate_comorbidities,cancer,GDPPR,315002002,Metastasis from malignant tumor of stomach (disorder)
covariate_comorbidities,cancer,GDPPR,1090881000000100,Malignant neoplasm of bronchus or lung (disorder)
covariate_comorbidities,cancer,GDPPR,372138000,Carcinoma of esophagus (disorder)
covariate_comorbidities,cancer,GDPPR,188613007,Nodular lymphoma of lymph nodes of inguinal region and lower limb
covariate_comorbidities,cancer,GDPPR,187932002,Malignant neoplasm of humerus
covariate_comorbidities,cancer,GDPPR,188537004,Hodgkin's granuloma of lymph nodes of axilla and upper limb (disorder)
covariate_comorbidities,cancer,GDPPR,188005007,Malignant neoplasm of connective and soft tissue of toe
covariate_comorbidities,cancer,GDPPR,445227008,Juvenile myelomonocytic leukemia (disorder)
covariate_comorbidities,cancer,GDPPR,118600007,Lymphoma (clinical)
covariate_comorbidities,cancer,GDPPR,276829003,Glioblastoma multiforme of spinal cord (disorder)
covariate_comorbidities,cancer,GDPPR,763666008,Splenic marginal zone B-cell lymphoma (disorder)
covariate_comorbidities,cancer,GDPPR,354361000119107,Primary malignant neoplasm of right kidney (disorder)
covariate_comorbidities,cancer,GDPPR,109982002,Alpha heavy chain disease (disorder)
covariate_comorbidities,cancer,GDPPR,254539001,Carcinoma of thoracic part of esophagus (disorder)
covariate_comorbidities,cancer,GDPPR,277573001,Common acute lymphoblastic leukemia (disorder)
covariate_comorbidities,cancer,GDPPR,188003000,Malignant neoplasm of connective and soft tissue of lower leg
covariate_comorbidities,cancer,GDPPR,721304007,Refractory thrombocytopenia (disorder)
covariate_comorbidities,cancer,GDPPR,255087006,Malignant polyp of biliary tract (disorder)
covariate_comorbidities,cancer,GDPPR,93210001,Malignant melanoma of skin of abdomen (disorder)
covariate_comorbidities,cancer,GDPPR,363424007,Malignant tumor of mastoid air cells
covariate_comorbidities,cancer,GDPPR,93194002,Malignant lymphoma of lymph nodes of axilla AND/OR upper limb
covariate_comorbidities,cancer,GDPPR,188266000,Malignant neoplasm of sclera (disorder)
covariate_comorbidities,cancer,GDPPR,107691000119101,Non-seminomatous germ cell neoplasm of testis (disorder)
covariate_comorbidities,cancer,GDPPR,363476006,Malignant neoplasm of spinal meninges
covariate_comorbidities,cancer,GDPPR,255091001,Malignant neoplasm of metacarpal bones
covariate_comorbidities,cancer,GDPPR,187838002,"Malignant neoplasm, overlapping lesion of accessory sinuses"
covariate_comorbidities,cancer,GDPPR,713609000,Invasive carcinoma of breast (disorder)
covariate_comorbidities,cancer,GDPPR,363357005,Malignant tumor of ill-defined site (disorder)
covariate_comorbidities,cancer,GDPPR,1701000119104,Primary adenocarcinoma of colon (disorder)
covariate_comorbidities,cancer,GDPPR,237833006,Carcinoid crisis (disorder)
covariate_comorbidities,cancer,GDPPR,707422006,Primary spindle cell squamous cell carcinoma of larynx (disorder)
covariate_comorbidities,cancer,GDPPR,269475001,Malignant neoplasm of lymphatic and haemopoietic tissue
covariate_comorbidities,cancer,GDPPR,93779009,Malignant neoplasm of endocervix
covariate_comorbidities,cancer,GDPPR,94327000,Secondary malignant neoplasm of heart (disorder)
covariate_comorbidities,cancer,GDPPR,187811009,Malignant neoplasm of mesorectum
covariate_comorbidities,cancer,GDPPR,254733003,Malignant melanoma arising in intradermal nevus (disorder)
covariate_comorbidities,cancer,GDPPR,94600009,Secondary malignant neoplasm of spinal cord
covariate_comorbidities,cancer,GDPPR,187836003,Malignant tumor of tympanic antrum
covariate_comorbidities,cancer,GDPPR,1082301000119109,Transitional cell carcinoma of right renal pelvis (disorder)
covariate_comorbidities,cancer,GDPPR,255008003,Squamous cell carcinoma of cornea (disorder)
covariate_comorbidities,cancer,GDPPR,93979000,Malignant neoplasm of radius
covariate_comorbidities,cancer,GDPPR,363397008,Malignant tumor of roof of nasopharynx
covariate_comorbidities,cancer,GDPPR,187734007,Malignant neoplasm of cardio-esophageal junction of stomach
covariate_comorbidities,cancer,GDPPR,276826005,Malignant glioma of brain (disorder)
covariate_comorbidities,cancer,GDPPR,109975001,T-zone lymphoma (clinical)
covariate_comorbidities,cancer,GDPPR,307219002,Retroperitoneal sarcoma (disorder)
covariate_comorbidities,cancer,GDPPR,414785000,Multiple solitary plasmacytomas (disorder)
covariate_comorbidities,cancer,GDPPR,188534006,"Hodgkin's granuloma of lymph nodes of head, face and neck"
covariate_comorbidities,cancer,GDPPR,277579002,Light chain myeloma (disorder)
covariate_comorbidities,cancer,GDPPR,281562007,Adrenal neuroblastoma
covariate_comorbidities,cancer,GDPPR,254711000,Adenoid cystic eccrine carcinoma of skin (disorder)
covariate_comorbidities,cancer,GDPPR,314973003,Local recurrence of malignant tumor of bone (disorder)
covariate_comorbidities,cancer,GDPPR,254877001,Sarcoma of uterus (disorder)
covariate_comorbidities,cancer,GDPPR,187659007,Malignant neoplasm of upper buccal sulcus
covariate_comorbidities,cancer,GDPPR,187926007,Malignant neoplasm of costovertebral joint
covariate_comorbidities,cancer,GDPPR,277156006,Malignant tumor of external ear (disorder)
covariate_comorbidities,cancer,GDPPR,187709007,Malignant neoplasm of posterior pharynx
covariate_comorbidities,cancer,GDPPR,94623007,Secondary malignant neoplasm of testis
covariate_comorbidities,cancer,GDPPR,363487003,Malignant tumor of aryepiglottic fold - laryngeal aspect (disorder)
covariate_comorbidities,cancer,GDPPR,286895009,"Carcinoma of breast - upper, outer quadrant (disorder)"
covariate_comorbidities,cancer,GDPPR,188198003,Malignant neoplasm of overlapping lesion of corpus uteri
covariate_comorbidities,cancer,GDPPR,188052001,Malignant melanoma of groin
covariate_comorbidities,cancer,GDPPR,187925006,Malignant neoplasm of costal cartilage
covariate_comorbidities,cancer,GDPPR,254629004,Large cell carcinoma of lung (disorder)
covariate_comorbidities,cancer,GDPPR,109919002,Overlapping malignant neoplasm of peripheral nerves and autonomic nervous system
covariate_comorbidities,cancer,GDPPR,416669000,Invasive hydatidiform mole (disorder)
covariate_comorbidities,cancer,GDPPR,254912000,Regressed malignant testicular tumor (disorder)
covariate_comorbidities,cancer,GDPPR,188770007,Subacute myelomonocytic leukaemia
covariate_comorbidities,cancer,GDPPR,707456000,Primary undifferentiated carcinoma of lung (disorder)
covariate_comorbidities,cancer,GDPPR,254861002,Malignant granulosa cell tumor of ovary (disorder)
covariate_comorbidities,cancer,GDPPR,188609000,"Nodular lymphoma of lymph nodes of head, face and neck"
covariate_comorbidities,cancer,GDPPR,416901002,Malignant medulloepithelioma of ciliary body (disorder)
covariate_comorbidities,cancer,GDPPR,109843000,Hepatoblastoma (clinical)
covariate_comorbidities,cancer,GDPPR,254631008,Giant cell carcinoma of lung (disorder)
covariate_comorbidities,cancer,GDPPR,255021005,Malignant melanoma of choroid (disorder)
covariate_comorbidities,cancer,GDPPR,254940005,Oligodendroglioma of brain (disorder)
covariate_comorbidities,cancer,GDPPR,254465004,Carcinoma of submandibular gland (disorder)
covariate_comorbidities,cancer,GDPPR,271467005,"Malignant neoplasm of bone, connective tissue, skin and breast"
covariate_comorbidities,cancer,GDPPR,188500005,"Lymphosarcoma of lymph nodes of head, face and neck"
covariate_comorbidities,cancer,GDPPR,254872007,Embryonal carcinoma of ovary (disorder)
covariate_comorbidities,cancer,GDPPR,363402007,Malignant tumour of oesophagus
covariate_comorbidities,cancer,GDPPR,277549009,Chronic lymphocytic prolymphocytic leukemia syndrome
covariate_comorbidities,cancer,GDPPR,93518009,"Hodgkin's disease, nodular sclerosis of spleen (disorder)"
covariate_comorbidities,cancer,GDPPR,110004001,Acute promyelocytic leukaemia (clinical)
covariate_comorbidities,cancer,GDPPR,315006004,Metastasis from malignant tumor of lung (disorder)
covariate_comorbidities,cancer,GDPPR,254841008,Cancer en cuirasse (disorder)
covariate_comorbidities,cancer,GDPPR,188285002,Malignant neoplasm of globus pallidus
covariate_comorbidities,cancer,GDPPR,712849003,Primary malignant neoplasm of prostate metastatic to bone (disorder)
covariate_comorbidities,cancer,GDPPR,187776004,Malignant neoplasm of intrahepatic canaliculi (disorder)
covariate_comorbidities,cancer,GDPPR,187641009,Malignant tumor of frenum linguae
covariate_comorbidities,cancer,GDPPR,93209006,Malignant melanoma of perianal skin (disorder)
covariate_comorbidities,cancer,GDPPR,254434008,Carcinoma of hard palate (disorder)
covariate_comorbidities,cancer,GDPPR,94442001,Secondary malignant neoplasm of nervous system
covariate_comorbidities,cancer,GDPPR,363507003,Malignant tumor of pharynx
covariate_comorbidities,cancer,GDPPR,399490008,Adenocarcinoma of prostate (disorder)
covariate_comorbidities,cancer,GDPPR,276750003,Malignant tumor of skin with pilar differentiation (disorder)
covariate_comorbidities,cancer,GDPPR,188738007,Granulocytic sarcoma
covariate_comorbidities,cancer,GDPPR,188002005,Malignant neoplasm of connective and soft tissue of popliteal space
covariate_comorbidities,cancer,GDPPR,426336007,Solitary osseous myeloma (disorder)
covariate_comorbidities,cancer,GDPPR,275524009,Immunoproliferative neoplasm
covariate_comorbidities,cancer,GDPPR,65399007,Langerhans cell histiocytosis (disorder)
covariate_comorbidities,cancer,GDPPR,285640005,Metastasis to bladder of unknown primary (disorder)
covariate_comorbidities,cancer,GDPPR,286893002,"Carcinoma of breast - upper, inner quadrant (disorder)"
covariate_comorbidities,cancer,GDPPR,254445006,Carcinoma of lower buccal sulcus (disorder)
covariate_comorbidities,cancer,GDPPR,94260004,Secondary malignant neoplasm of colon
covariate_comorbidities,cancer,GDPPR,762458004,Primary endometrioid carcinoma of endometrium of body of uterus (disorder)
covariate_comorbidities,cancer,GDPPR,342511000000104,Siewert type II adenocarcinoma (disorder)
covariate_comorbidities,cancer,GDPPR,400122007,Primary cutaneous T-cell lymphoma (disorder)
covariate_comorbidities,cancer,GDPPR,15635721000119108,Primary malignant neoplasm of both ovaries (disorder)
covariate_comorbidities,cancer,GDPPR,363405009,Malignant tumor of ileum
covariate_comorbidities,cancer,GDPPR,271468000,Malignant neoplasm of genitourinary organ
covariate_comorbidities,cancer,GDPPR,188498009,Lymphosarcoma
covariate_comorbidities,cancer,GDPPR,94180008,Secondary malignant neoplasm of axilla (disorder)
covariate_comorbidities,cancer,GDPPR,188565002,"Hodgkin's disease, nodular sclerosis of lymph nodes of head, face and neck"
covariate_comorbidities,cancer,GDPPR,109853004,Mesothelioma of peritoneum
covariate_comorbidities,cancer,GDPPR,445406001,Hepatosplenic T-cell lymphoma (disorder)
covariate_comorbidities,cancer,GDPPR,188462001,Secondary malignant neoplasm of brain and spinal cord
covariate_comorbidities,cancer,GDPPR,16260631000119101,Secondary malignant neoplasm of lymph node from neoplasm of female breast (disorder)
covariate_comorbidities,cancer,GDPPR,83270006,Neoplastic pleural effusion (disorder)
covariate_comorbidities,cancer,GDPPR,188006008,Malignant neoplasm of connective and soft tissue of great toe (disorder)
covariate_comorbidities,cancer,GDPPR,363500001,Multiple malignancy (disorder)
covariate_comorbidities,cancer,GDPPR,285612000,Metastasis to rectum of unknown primary (disorder)
covariate_comorbidities,cancer,GDPPR,363491008,Malignant tumour of cloacogenic zone
covariate_comorbidities,cancer,GDPPR,188732008,Myeloid leukemia
covariate_comorbidities,cancer,GDPPR,363497007,Malignant tumour of meninges
covariate_comorbidities,cancer,GDPPR,93947009,Malignant neoplasm of parietal peritoneum
covariate_comorbidities,cancer,GDPPR,109966003,"Diffuse non-Hodgkin's lymphoma, immunoblastic (clinical)"
covariate_comorbidities,cancer,GDPPR,285432005,Carcinoma of cervix
covariate_comorbidities,cancer,GDPPR,430621000,Malignant neoplasm of lower respiratory tract (disorder)
covariate_comorbidities,cancer,GDPPR,363414004,Malignant tumour of rectosigmoid junction
covariate_comorbidities,cancer,GDPPR,92767001,Carcinoma in situ of thyroid gland (disorder)
covariate_comorbidities,cancer,GDPPR,255090000,Malignant neoplasm of carpal bones
covariate_comorbidities,cancer,GDPPR,286894008,"Carcinoma of breast - lower, inner quadrant (disorder)"
covariate_comorbidities,cancer,GDPPR,94326009,Secondary malignant neoplasm of head (disorder)
covariate_comorbidities,cancer,GDPPR,275394001,Carcinoma ventral surface of tongue (disorder)
covariate_comorbidities,cancer,GDPPR,188076009,Malignant melanoma of toe
covariate_comorbidities,cancer,GDPPR,372087000,Primary malignant neoplasm (disorder)
covariate_comorbidities,cancer,GDPPR,188045003,Malignant melanoma of scalp
covariate_comorbidities,cancer,GDPPR,314998002,Metastasis from malignant tumor of colon (disorder)
covariate_comorbidities,cancer,GDPPR,363463000,Malignant tumour of conjunctiva
covariate_comorbidities,cancer,GDPPR,372062007,Malignant neoplasm of central nervous system (disorder)
covariate_comorbidities,cancer,GDPPR,255012009,Malignant melanoma of iris (disorder)
covariate_comorbidities,cancer,GDPPR,302817000,Malignant tumor of unknown origin or ill-defined site
covariate_comorbidities,cancer,GDPPR,93195001,"Malignant lymphoma of lymph nodes of head, face AND/OR neck"
covariate_comorbidities,cancer,GDPPR,188042000,Malignant melanoma of temple
covariate_comorbidities,cancer,GDPPR,93493001,"Hodgkin's disease, lymphocytic-histiocytic predominance of intra-abdominal lymph nodes"
covariate_comorbidities,cancer,GDPPR,254863004,Granulosa cell tumor of ovary (disorder)
covariate_comorbidities,cancer,GDPPR,94292003,Secondary malignant neoplasm of eye (disorder)
covariate_comorbidities,cancer,GDPPR,847631000000107,Follicular lymphoma grade 2 (disorder)
covariate_comorbidities,cancer,GDPPR,187622006,Malignant tumor of labial mucosa
covariate_comorbidities,cancer,GDPPR,1081551000119106,Recurrent primary malignant neoplasm of left female breast (disorder)
covariate_comorbidities,cancer,GDPPR,277612005,"Hodgkin's disease, nodular sclerosis - lymphocytic depletion (disorder)"
covariate_comorbidities,cancer,GDPPR,449377002,Malignant neoplasm of pelvic peritoneum (disorder)
covariate_comorbidities,cancer,GDPPR,404133000,Subcutaneous panniculitic cutaneous T-cell lymphoma (disorder)
covariate_comorbidities,cancer,GDPPR,93183001,Malignant histiocytosis of intrapelvic lymph nodes (disorder)
covariate_comorbidities,cancer,GDPPR,30664006,"Multiple endocrine neoplasia, type 1 (disorder)"
covariate_comorbidities,cancer,GDPPR,187784000,Malignant neoplasm of hepatic duct
covariate_comorbidities,cancer,GDPPR,416402001,Gestational trophoblastic disease (disorder)
covariate_comorbidities,cancer,GDPPR,314966008,Local recurrence of malignant tumor of rectum (disorder)
covariate_comorbidities,cancer,GDPPR,93734005,Primary malignant neoplasm of bronchus (disorder)
covariate_comorbidities,cancer,GDPPR,302851001,Synovial sarcoma (disorder)
covariate_comorbidities,cancer,GDPPR,94641004,Secondary malignant neoplasm of trachea (disorder)
covariate_comorbidities,cancer,GDPPR,254975005,Malignant meningioma of optic nerve sheath (disorder)
covariate_comorbidities,cancer,GDPPR,93986008,Malignant neoplasm of respiratory tract
covariate_comorbidities,cancer,GDPPR,363499005,Malignant tumour of spleen
covariate_comorbidities,cancer,GDPPR,372131006,Malignant neoplasm of upper limb bones and scapula (disorder)
covariate_comorbidities,cancer,GDPPR,255121007,Carcinomatosis of peritoneal cavity (disorder)
covariate_comorbidities,cancer,GDPPR,399068003,Malignant tumor of prostate (disorder)
covariate_comorbidities,cancer,GDPPR,425066001,"Carcinoma of urinary bladder, invasive (disorder)"
covariate_comorbidities,cancer,GDPPR,254535007,Carcinoma of cervical part of esophagus (disorder)
covariate_comorbidities,cancer,GDPPR,363352004,Malignant tumour of anal canal
covariate_comorbidities,cancer,GDPPR,276952000,Squamous cell carcinoma of tongue (disorder)
covariate_comorbidities,cancer,GDPPR,724649000,Langerhans cell sarcoma (disorder)
covariate_comorbidities,cancer,GDPPR,363391009,Malignant tumor of retromolar area
covariate_comorbidities,cancer,GDPPR,188067002,Malignant melanoma of lower limb and hip
covariate_comorbidities,cancer,GDPPR,424952003,Sarcoma of soft tissue (disorder)
covariate_comorbidities,cancer,GDPPR,118609008,"Hodgkin's disease, mixed cellularity (clinical)"
covariate_comorbidities,cancer,GDPPR,302849000,Nephroblastoma (disorder)
covariate_comorbidities,cancer,GDPPR,277505007,Medulloblastoma of cerebellum (disorder)
covariate_comorbidities,cancer,GDPPR,276797002,Malignant tumor of fibrous tissue (disorder)
covariate_comorbidities,cancer,GDPPR,448674007,Malignant neoplasm of parametrium (disorder)
covariate_comorbidities,cancer,GDPPR,188593003,"Hodgkin's disease, lymphocytic depletion of lymph nodes of multiple sites (disorder)"
covariate_comorbidities,cancer,GDPPR,254612002,Carcinoma of endocrine pancreas (disorder)
covariate_comorbidities,cancer,GDPPR,187660002,Malignant tumor of lower buccal sulcus
covariate_comorbidities,cancer,GDPPR,307623001,Malignant lymphoma - lymphoplasmacytic (disorder)
covariate_comorbidities,cancer,GDPPR,314976006,Local recurrence of malignant melanoma of skin (disorder)
covariate_comorbidities,cancer,GDPPR,307617006,Neutrophilic leukemia (disorder)
covariate_comorbidities,cancer,GDPPR,278057003,Sertoli cell tumor of testis (disorder)
covariate_comorbidities,cancer,GDPPR,187698002,Malignant tumor of opening of auditory tube (disorder)
covariate_comorbidities,cancer,GDPPR,359785002,Metastatic malignant neoplasm to dome of urinary bladder (disorder)
covariate_comorbidities,cancer,GDPPR,94143002,Primary malignant neoplasm of vulva (disorder)
covariate_comorbidities,cancer,GDPPR,93770008,Malignant neoplasm of cystic duct
covariate_comorbidities,cancer,GDPPR,11010461000119101,Small cell carcinoma (disorder)
covariate_comorbidities,cancer,GDPPR,94145009,Malignant neoplasm of zygomatic bone
covariate_comorbidities,cancer,GDPPR,303194003,Metastasis to head and neck lymph node
covariate_comorbidities,cancer,GDPPR,363398003,Malignant tumour of lateral wall of nasopharynx
covariate_comorbidities,cancer,GDPPR,240531002,African Burkitt's lymphoma (disorder)
covariate_comorbidities,cancer,GDPPR,315000005,Metastasis from malignant tumor of liver (disorder)
covariate_comorbidities,cancer,GDPPR,312112002,Carcinoma of transverse colon (disorder)
covariate_comorbidities,cancer,GDPPR,93680004,Malignant neoplasm of areola of female breast
covariate_comorbidities,cancer,GDPPR,276811008,Gastric lymphoma (disorder)
covariate_comorbidities,cancer,GDPPR,314963000,Local recurrence of malignant tumor of liver (disorder)
covariate_comorbidities,cancer,GDPPR,94681006,Secondary malignant neoplasm of vulva
covariate_comorbidities,cancer,GDPPR,188669003,Mast cell malignancy of lymph nodes of multiple sites
covariate_comorbidities,cancer,GDPPR,109994006,Essential thrombocythemia (disorder)
covariate_comorbidities,cancer,GDPPR,277473004,B-CLL - B-cell chronic lymphocytic leukemia
covariate_comorbidities,cancer,GDPPR,92812005,Chronic leukemia
covariate_comorbidities,cancer,GDPPR,109368005,Overlapping malignant neoplasm of hypopharynx (disorder)
covariate_comorbidities,cancer,GDPPR,307502000,Squamous cell carcinoma of mouth (disorder)
covariate_comorbidities,cancer,GDPPR,363493006,Malignant tumor of bronchus (disorder)
covariate_comorbidities,cancer,GDPPR,363447008,Malignant neoplasm of labia minora
covariate_comorbidities,cancer,GDPPR,93523009,Hodgkin's disease of lymph nodes of axilla AND/OR upper limb
covariate_comorbidities,cancer,GDPPR,93223008,Malignant melanoma of skin of eyebrow
covariate_comorbidities,cancer,GDPPR,303012000,Malignant tumor of posterior wall of hypopharynx (disorder)
covariate_comorbidities,cancer,GDPPR,188154003,Malignant neoplasm of upper-outer quadrant of female breast
covariate_comorbidities,cancer,GDPPR,118602004,Hodgkin's granuloma (clinical)
covariate_comorbidities,cancer,GDPPR,94066004,Malignant neoplasm of sphenoid bone
covariate_comorbidities,cancer,GDPPR,278065000,Superior pulmonary sulcus syndrome
covariate_comorbidities,cancer,GDPPR,187920001,"Malignant neoplasm of ribs, sternum and clavicle"
covariate_comorbidities,cancer,GDPPR,109979007,B-cell lymphoma (clinical)
covariate_comorbidities,cancer,GDPPR,286896005,"Carcinoma breast - lower, outer quadrant (disorder)"
covariate_comorbidities,cancer,GDPPR,188040008,Malignant melanoma of forehead
covariate_comorbidities,cancer,GDPPR,254609000,Carcinoma of ampulla of Vater (disorder)
covariate_comorbidities,cancer,GDPPR,702391001,Renal cell carcinoma
covariate_comorbidities,cancer,GDPPR,722482005,"Doxorubicin, bleomycin, vinblastine and dacarbazine chemotherapy regimen (regime/therapy)"
covariate_comorbidities,cancer,GDPPR,93888008,Malignant neoplasm of maxilla
covariate_comorbidities,cancer,GDPPR,187662005,Malignant tumor of lower labial sulcus (disorder)
covariate_comorbidities,cancer,GDPPR,188289008,Malignant neoplasm of hippocampus
covariate_comorbidities,cancer,GDPPR,277601005,Acute monoblastic leukemia (disorder)
covariate_comorbidities,cancer,GDPPR,413445002,Adenocarcinoma of appendix (disorder)
covariate_comorbidities,cancer,GDPPR,314997007,Metastasis from malignant tumor of rectum (disorder)
covariate_comorbidities,cancer,GDPPR,956451000000107,Malignant melanoma stage IIIB (finding)
covariate_comorbidities,cancer,GDPPR,187853005,Malignant neoplasm of cartilage of trachea (disorder)
covariate_comorbidities,cancer,GDPPR,712750007,Malignant neoplasm of chest wall
covariate_comorbidities,cancer,GDPPR,372094002,Malignant neoplasm of axillary tail of breast (disorder)
covariate_comorbidities,cancer,GDPPR,188566001,"Hodgkin's disease, nodular sclerosis of intrathoracic lymph nodes"
covariate_comorbidities,cancer,GDPPR,232075002,Lymphoma of retina (disorder)
covariate_comorbidities,cancer,GDPPR,255003007,Squamous cell carcinoma of conjunctiva (disorder)
covariate_comorbidities,cancer,GDPPR,413740006,Cancer monitoring second letter (procedure)
covariate_comorbidities,cancer,GDPPR,315008003,Metastasis from malignant tumor of buccal cavity (disorder)
covariate_comorbidities,cancer,GDPPR,443719001,Leiomyosarcoma (disorder)
covariate_comorbidities,cancer,GDPPR,449248000,Nasopharyngeal carcinoma (disorder)
covariate_comorbidities,cancer,GDPPR,188030005,Malignant melanoma of lip
covariate_comorbidities,cancer,GDPPR,314990009,Metastasis from malignant tumor of bone (disorder)
covariate_comorbidities,cancer,GDPPR,187742008,Malignant tumor of body of stomach
covariate_comorbidities,cancer,GDPPR,363460002,Malignant tumor of paraurethral gland
covariate_comorbidities,cancer,GDPPR,94233006,Secondary malignant neoplasm of bronchus (disorder)
covariate_comorbidities,cancer,GDPPR,188668006,Mast cell malignancy of spleen (disorder)
covariate_comorbidities,cancer,GDPPR,187822008,Fibrosarcoma of spleen
covariate_comorbidities,cancer,GDPPR,255035007,Adrenal carcinoma (disorder)
covariate_comorbidities,cancer,GDPPR,188180002,"Malignant neoplasm, overlapping lesion of cervix uteri"
covariate_comorbidities,cancer,GDPPR,187831008,Malignant tumour of nasal vestibule
covariate_comorbidities,cancer,GDPPR,94663008,Secondary malignant neoplasm of urinary system
covariate_comorbidities,cancer,GDPPR,285604008,Metastasis to lung of unknown primary (disorder)
covariate_comorbidities,cancer,GDPPR,94398002,Secondary malignant neoplasm of lymph nodes of upper limb
covariate_comorbidities,cancer,GDPPR,721636006,Primary malignant neuroendocrine neoplasm of body of stomach (disorder)
covariate_comorbidities,cancer,GDPPR,427492003,Hormone refractory prostate cancer (disorder)
covariate_comorbidities,cancer,GDPPR,188524002,Hodgkin's paragranuloma of intrathoracic lymph nodes (disorder)
covariate_comorbidities,cancer,GDPPR,188298006,Malignant neoplasm of pons
covariate_comorbidities,cancer,GDPPR,254559002,Carcinoma of pyloric antrum (disorder)
covariate_comorbidities,cancer,GDPPR,188318009,Malignant neoplasm of spinal arachnoid mater (disorder)
covariate_comorbidities,cancer,GDPPR,1090131000000106,Secondary malignant neoplasm of anterior cervical lymph nodes (disorder)
covariate_comorbidities,cancer,GDPPR,94544002,Secondary malignant neoplasm of skin of breast
covariate_comorbidities,cancer,GDPPR,188504001,Lymphosarcoma of lymph nodes of inguinal region and lower limb
covariate_comorbidities,cancer,GDPPR,187854004,Malignant neoplasm of mucosa of trachea
covariate_comorbidities,cancer,GDPPR,12240991000119102,Squamous cell carcinoma of right lung (disorder)
covariate_comorbidities,cancer,GDPPR,188366002,Malignant tumor of abdomen
covariate_comorbidities,cancer,GDPPR,372142002,Carcinoma of pancreas (disorder)
covariate_comorbidities,cancer,GDPPR,254457002,Carcinoma of retromolar area (disorder)
covariate_comorbidities,cancer,GDPPR,363355002,Malignant tumor of adrenal gland
covariate_comorbidities,cancer,GDPPR,393563007,Glioblastoma multiforme (disorder)
covariate_comorbidities,cancer,GDPPR,285616002,Metastasis to peritoneum of unknown primary (disorder)
covariate_comorbidities,cancer,GDPPR,277624003,Follicular malignant lymphoma - mixed cell type (disorder)
covariate_comorbidities,cancer,GDPPR,314992001,Metastasis from malignant tumor of cervix (disorder)
covariate_comorbidities,cancer,GDPPR,722682001,Primary small cell carcinoma of endometrium (disorder)
covariate_comorbidities,cancer,GDPPR,187916000,Malignant neoplasm of cervical vertebra
covariate_comorbidities,cancer,GDPPR,109388009,Kaposi's sarcoma of palate
covariate_comorbidities,cancer,GDPPR,188548006,Hodgkin's sarcoma of lymph nodes of inguinal region and lower limb (disorder)
covariate_comorbidities,cancer,GDPPR,443493003,Metastatic malignant melanoma (disorder)
covariate_comorbidities,cancer,GDPPR,363508008,Malignant tumour of intestine
covariate_comorbidities,cancer,GDPPR,276876007,Carcinoma of Bartholin's gland (disorder)
covariate_comorbidities,cancer,GDPPR,254734009,Malignant melanoma arising in congenital nevus (disorder)
covariate_comorbidities,cancer,GDPPR,307576001,Osteosarcoma of bone
covariate_comorbidities,cancer,GDPPR,254611009,Malignant tumor of endocrine pancreas (disorder)
covariate_comorbidities,cancer,GDPPR,94274006,Secondary malignant neoplasm of thoracic vertebral column (disorder)
covariate_comorbidities,cancer,GDPPR,254886006,Squamous cell carcinoma of cervix (disorder)
covariate_comorbidities,cancer,GDPPR,169396008,Radiomimetic chemotherapy (procedure)
covariate_comorbidities,cancer,GDPPR,254871000,Immature teratoma of ovary (disorder)
covariate_comorbidities,cancer,GDPPR,255077007,Malignant tumour of digestive organ
covariate_comorbidities,cancer,GDPPR,363434003,Malignant tumor of thymus
covariate_comorbidities,cancer,GDPPR,363495004,Malignant tumor of muscle (disorder)
covariate_comorbidities,cancer,GDPPR,276420005,Malignant tumor of corpus cavernosum (disorder)
covariate_comorbidities,cancer,GDPPR,188074007,Malignant melanoma of heel
covariate_comorbidities,cancer,GDPPR,94298004,Secondary malignant neoplasm of female genital organ (disorder)
covariate_comorbidities,cancer,GDPPR,87776000,Intra-arterial infusion of antineoplastic agent (procedure)
covariate_comorbidities,cancer,GDPPR,93889000,Primary malignant neoplasm of maxillary sinus (disorder)
covariate_comorbidities,cancer,GDPPR,109347009,Overlapping malignant neoplasm of bone and articular cartilage
covariate_comorbidities,cancer,GDPPR,285420006,Immunoglobulin A myeloma (disorder)
covariate_comorbidities,cancer,GDPPR,118610003,"Hodgkin's disease, lymphocytic depletion (clinical)"
covariate_comorbidities,cancer,GDPPR,363407001,Malignant tumor of hepatic flexure
covariate_comorbidities,cancer,GDPPR,363504005,Malignant tumour of lower limb
covariate_comorbidities,cancer,GDPPR,312111009,Carcinoma of ascending colon (disorder)
covariate_comorbidities,cancer,GDPPR,94712003,Mycosis fungoides of lymph nodes of inguinal region AND/OR lower limb
covariate_comorbidities,cancer,GDPPR,277589003,Atypical chronic myeloid leukemia (disorder)
covariate_comorbidities,cancer,GDPPR,187989003,Malignant neoplasm soft tissues of cervical spine (disorder)
covariate_comorbidities,cancer,GDPPR,169402000,Radiochemotherapy: local artery (procedure)
covariate_comorbidities,cancer,GDPPR,404149003,"Lymphoplasmacytic B-cell lymphoma, nodal/systemic with skin involvement (disorder)"
covariate_comorbidities,cancer,GDPPR,276962007,Squamous cell carcinoma of palate (disorder)
covariate_comorbidities,cancer,GDPPR,188297001,Malignant neoplasm of midbrain
covariate_comorbidities,cancer,GDPPR,421249001,Malignant tumor of vermilion border of lip (disorder)
covariate_comorbidities,cancer,GDPPR,303055001,"Malignant lymphoma, follicular center cell (disorder)"
covariate_comorbidities,cancer,GDPPR,9541000119105,Primary adenocarcinoma of gallbladder (disorder)
covariate_comorbidities,cancer,GDPPR,363470000,Malignant neoplasm of occipital lobe
covariate_comorbidities,cancer,GDPPR,188301005,Malignant neoplasm of corpus callosum
covariate_comorbidities,cancer,GDPPR,187869003,Malignant neoplasm of lower lobe bronchus
covariate_comorbidities,cancer,GDPPR,184881000119106,Primary adenocarcinoma of rectosigmoid junction (disorder)
covariate_comorbidities,cancer,GDPPR,277545003,T-cell chronic lymphocytic leukaemia
covariate_comorbidities,cancer,GDPPR,94365007,Secondary malignant neoplasm of large intestine
covariate_comorbidities,cancer,GDPPR,39795003,Hand-Schuller-Christian disease (disorder)
covariate_comorbidities,cancer,GDPPR,93727008,Primary malignant neoplasm of brain (disorder)
covariate_comorbidities,cancer,GDPPR,94612008,Secondary malignant neoplasm of superficial inguinal lymph nodes
covariate_comorbidities,cancer,GDPPR,93527005,Hodgkin's disease of spleen
covariate_comorbidities,cancer,GDPPR,1090191000000107,Secondary malignant neoplasm of coeliac lymph nodes (disorder)
covariate_comorbidities,cancer,GDPPR,254549003,Carcinoma of middle third of esophagus (disorder)
covariate_comorbidities,cancer,GDPPR,275395000,Carcinoma anterior 2/3 tongue ventrum (disorder)
covariate_comorbidities,cancer,GDPPR,255129009,Malignant infiltration of peripheral nerve plexus (disorder)
covariate_comorbidities,cancer,GDPPR,1090241000000107,Angioimmunoblastic T-cell lymphoma with dysproteinaemia (disorder)
covariate_comorbidities,cancer,GDPPR,254454009,Carcinoma of lower labial sulcus (disorder)
covariate_comorbidities,cancer,GDPPR,91857003,Acute lymphoid leukemia
covariate_comorbidities,cancer,GDPPR,254441002,Carcinoma of upper buccal sulcus (disorder)
covariate_comorbidities,cancer,GDPPR,281565009,Paraspinal neuroblastoma
covariate_comorbidities,cancer,GDPPR,415112005,Plasmacytoma (disorder)
covariate_comorbidities,cancer,GDPPR,128462008,Metastatic neoplasm (disease)
covariate_comorbidities,cancer,GDPPR,255068000,"Carcinoma of bone, connective tissue, skin and breast"
covariate_comorbidities,cancer,GDPPR,80914001,Anaplasia of cervix (disorder)
covariate_comorbidities,cancer,GDPPR,95188007,Nodular lymphoma of intrathoracic lymph nodes (disorder)
covariate_comorbidities,cancer,GDPPR,187803004,Malignant neoplasm of perinephric tissue
covariate_comorbidities,cancer,GDPPR,1090221000000100,Secondary malignant neoplasm of internal iliac lymph nodes (disorder)
covariate_comorbidities,cancer,GDPPR,737310005,Primary squamous cell carcinoma of submandibular gland (disorder)
covariate_comorbidities,cancer,GDPPR,277609007,"Hodgkin's disease, lymphocytic predominance - diffuse (disorder)"
covariate_comorbidities,cancer,GDPPR,188503007,Lymphosarcoma of lymph nodes of axilla and upper limb (disorder)
covariate_comorbidities,cancer,GDPPR,371977004,Primary malignant neoplasm of cecum (disorder)
covariate_comorbidities,cancer,GDPPR,118601006,Non-Hodgkin's lymphoma (clinical)
covariate_comorbidities,cancer,GDPPR,278433008,Malignant infiltration of soft tissue (disorder)
covariate_comorbidities,cancer,GDPPR,254887002,Adenocarcinoma of cervix (disorder)
covariate_comorbidities,cancer,GDPPR,188219004,Malignant tumour of undescended testis
covariate_comorbidities,cancer,GDPPR,128875000,Primary cutaneous CD30 antigen positive large T-cell lymphoma (disorder)
covariate_comorbidities,cancer,GDPPR,402815007,Squamous cell carcinoma (disorder)
covariate_comorbidities,cancer,GDPPR,94477001,Secondary malignant neoplasm of pectoral axillary lymph nodes
covariate_comorbidities,cancer,GDPPR,1078881000119102,Primary adenocarcinoma of lower lobe of left lung (disorder)
covariate_comorbidities,cancer,GDPPR,724059003,Malignant neoplasm of lower lobe of left lung (disorder)
covariate_comorbidities,cancer,GDPPR,285635002,Metastasis to uterus of unknown primary (disorder)
covariate_comorbidities,cancer,GDPPR,187870002,Malignant neoplasm of lower lobe of lung
covariate_comorbidities,cancer,GDPPR,188029000,Kaposi's sarcoma of soft tissue
covariate_comorbidities,cancer,GDPPR,187724003,Malignant tumour of abdominal part of oesophagus
covariate_comorbidities,cancer,GDPPR,276827001,Malignant glioma of spinal cord (disorder)
covariate_comorbidities,cancer,GDPPR,188286001,Malignant tumor of hypothalamus
covariate_comorbidities,cancer,GDPPR,93651008,Malignant melanoma of skin of trunk
covariate_comorbidities,cancer,GDPPR,363503004,Malignant tumor of upper limb
covariate_comorbidities,cancer,GDPPR,94073009,Malignant neoplasm of sternum
covariate_comorbidities,cancer,GDPPR,445448008,Acute myeloid leukemia with myelodysplasia-related changes (disorder)
covariate_comorbidities,cancer,GDPPR,956371000000109,Malignant melanoma stage IIA (finding)
covariate_comorbidities,cancer,GDPPR,94580002,Secondary malignant neoplasm of small intestine
covariate_comorbidities,cancer,GDPPR,255031003,Anaplastic thyroid carcinoma (disorder)
covariate_comorbidities,cancer,GDPPR,109876001,Malignant neoplasm of descended testis
covariate_comorbidities,cancer,GDPPR,363477002,Malignant neoplasm of cauda equina
covariate_comorbidities,cancer,GDPPR,429033009,Malignant neoplasm of cerebrum (disorder)
covariate_comorbidities,cancer,GDPPR,93916003,Malignant neoplasm of nasal bone
covariate_comorbidities,cancer,GDPPR,94105000,Primary malignant neoplasm of transverse colon (disorder)
covariate_comorbidities,cancer,GDPPR,266719004,Oral chemotherapy (procedure)
covariate_comorbidities,cancer,GDPPR,187857006,Malignant neoplasm of carina of bronchus
covariate_comorbidities,cancer,GDPPR,422599000,Squamous cell carcinoma of back (disorder)
covariate_comorbidities,cancer,GDPPR,363374005,Malignant tumor of commissure of lip
covariate_comorbidities,cancer,GDPPR,719052006,Recurrent squamous cell carcinoma (disorder)
covariate_comorbidities,cancer,GDPPR,118599009,Hodgkin's disease (clinical)
covariate_comorbidities,cancer,GDPPR,448216007,Malignant epithelial neoplasm of thyroid (disorder)
covariate_comorbidities,cancer,GDPPR,372095001,Malignant neoplasm of male breast (disorder)
covariate_comorbidities,cancer,GDPPR,188676008,Malignant lymphoma - mixed small and large cell
covariate_comorbidities,cancer,GDPPR,188768003,Myelomonocytic leukaemia
covariate_comorbidities,cancer,GDPPR,93925009,Malignant neoplasm of nipple of male breast
covariate_comorbidities,cancer,GDPPR,255107005,Seminoma of testis
covariate_comorbidities,cancer,GDPPR,301756000,Adenocarcinoma of sigmoid colon (disorder)
covariate_comorbidities,cancer,GDPPR,307341004,Atypical hairy cell leukemia
covariate_comorbidities,cancer,GDPPR,307609003,Adamantinoma of long bone (disorder)
covariate_comorbidities,cancer,GDPPR,372030009,Primary malignant neoplasm of vocal cord (disorder)
covariate_comorbidities,cancer,GDPPR,93687001,Primary malignant neoplasm of base of tongue (disorder)
covariate_comorbidities,cancer,GDPPR,277653002,Peripheral T-cell lymphoma - pleomorphic medium and large cell (disorder)
covariate_comorbidities,cancer,GDPPR,188017009,Malignant neoplasm of connective and soft tissues of lumbar spine
covariate_comorbidities,cancer,GDPPR,187844003,Malignant neoplasm of cricoid cartilage
covariate_comorbidities,cancer,GDPPR,187666008,Malignant neoplasm of junction of hard and soft palate
covariate_comorbidities,cancer,GDPPR,187843009,Malignant neoplasm of arytenoid cartilage
covariate_comorbidities,cancer,GDPPR,254972008,Malignant tumor of optic nerve and sheath (disorder)
covariate_comorbidities,cancer,GDPPR,187937008,Malignant neoplasm of carpal bone - scaphoid
covariate_comorbidities,cancer,GDPPR,188559002,"Hodgkin's disease, lymphocytic-histiocytic predominance of lymph nodes of inguinal region and lower limb"
covariate_comorbidities,cancer,GDPPR,254557000,Carcinoma of body of stomach (disorder)
covariate_comorbidities,cancer,GDPPR,187949009,Malignant neoplasm of fifth metacarpal bone
covariate_comorbidities,cancer,GDPPR,307603002,Malignant blue nevus of skin (disorder)
covariate_comorbidities,cancer,GDPPR,372140005,Carcinoma of gallbladder (disorder)
covariate_comorbidities,cancer,GDPPR,93798006,Malignant neoplasm of femur
covariate_comorbidities,cancer,GDPPR,723265000,Primary squamous cell carcinoma of anus (disorder)
covariate_comorbidities,cancer,GDPPR,1082311000119107,Transitional cell carcinoma of right ureter (disorder)
covariate_comorbidities,cancer,GDPPR,1090301000000103,Malignant neoplasm of flank (disorder)
covariate_comorbidities,cancer,GDPPR,94220000,Secondary malignant neoplasm of bone of skull (disorder)
covariate_comorbidities,cancer,GDPPR,15956381000119100,Adenocarcinoma of right lung (disorder)
covariate_comorbidities,cancer,GDPPR,302835009,Phaeochromocytoma
covariate_comorbidities,cancer,GDPPR,277615007,Low grade B-cell lymphoma
covariate_comorbidities,cancer,GDPPR,109965004,"Diffuse non-Hodgkin's lymphoma, lymphoblastic (clinical)"
covariate_comorbidities,cancer,GDPPR,764694005,MiT family translocation renal cell carcinoma (disorder)
covariate_comorbidities,cancer,GDPPR,231831002,Squamous cell carcinoma of eyelid (disorder)
covariate_comorbidities,cancer,GDPPR,188734009,Chronic neutrophilic leukemia
covariate_comorbidities,cancer,GDPPR,277618009,Follicular low grade B-cell lymphoma (disorder)
covariate_comorbidities,cancer,GDPPR,93961004,Primary malignant neoplasm of pharynx (disorder)
covariate_comorbidities,cancer,GDPPR,363411007,Malignant tumor of appendix
covariate_comorbidities,cancer,GDPPR,188327005,Malignant neoplasm of peripheral nerve of pelvis
covariate_comorbidities,cancer,GDPPR,430556008,Malignant neoplasm of genital structure (disorder)
covariate_comorbidities,cancer,GDPPR,187752007,Malignant tumor of Meckel's diverticulum
covariate_comorbidities,cancer,GDPPR,363501002,Malignant tumor of face
covariate_comorbidities,cancer,GDPPR,254987003,Adenoid cystic carcinoma of lacrimal gland (disorder)
covariate_comorbidities,cancer,GDPPR,447706001,Leiomyosarcoma of scalp (disorder)
covariate_comorbidities,cancer,GDPPR,93679002,Primary malignant neoplasm of appendix (disorder)
covariate_comorbidities,cancer,GDPPR,187773007,Malignant neoplasm of interlobular bile ducts
covariate_comorbidities,cancer,GDPPR,254620000,Squamous cell carcinoma of trachea (disorder)
covariate_comorbidities,cancer,GDPPR,277637000,Large cell anaplastic lymphoma (disorder)
covariate_comorbidities,cancer,GDPPR,1090871000000102,Malignant neoplasm of bone and articular cartilage of limb (disorder)
covariate_comorbidities,cancer,GDPPR,187725002,Malignant neoplasm of upper third of esophagus
covariate_comorbidities,cancer,GDPPR,254955001,Pituitary carcinoma (disorder)
covariate_comorbidities,cancer,GDPPR,1078961000119104,Primary adenocarcinoma of upper lobe of right lung (disorder)
covariate_comorbidities,cancer,GDPPR,188247000,"Malignant neoplasm, overlapping lesion of bladder"
covariate_comorbidities,cancer,GDPPR,188736006,Subacute myeloid leukaemia
covariate_comorbidities,cancer,GDPPR,188515006,Burkitt's lymphoma of intrapelvic lymph nodes (disorder)
covariate_comorbidities,cancer,GDPPR,314964006,Local recurrence of malignant tumor of pancreas (disorder)
covariate_comorbidities,cancer,GDPPR,93198004,Malignant lymphoma of spleen
covariate_comorbidities,cancer,GDPPR,313353007,Squamous cell carcinoma of bronchus in left lower lobe (disorder)
covariate_comorbidities,cancer,GDPPR,94453007,Secondary malignant neoplasm of orbit proper (disorder)
covariate_comorbidities,cancer,GDPPR,281702006,Tibial adamantinoma (disorder)
covariate_comorbidities,cancer,GDPPR,188551004,Hodgkin's sarcoma of lymph nodes of multiple sites (disorder)
covariate_comorbidities,cancer,GDPPR,188242006,Malignant neoplasm of anterior wall of urinary bladder
covariate_comorbidities,cancer,GDPPR,255102004,Angioendotheliomatosis (disorder)
covariate_comorbidities,cancer,GDPPR,110006004,Prolymphocytic leukemia (clinical)
covariate_comorbidities,cancer,GDPPR,278050001,Sarcoma of breast (disorder)
covariate_comorbidities,cancer,GDPPR,363409003,Malignant tumor of descending colon
covariate_comorbidities,cancer,GDPPR,93796005,Primary malignant neoplasm of female breast (disorder)
covariate_comorbidities,cancer,GDPPR,448930008,Squamous cell carcinoma of nose (disorder)
covariate_comorbidities,cancer,GDPPR,255044008,Malignant pinealoma (disorder)
covariate_comorbidities,cancer,GDPPR,254520006,Malignant tumor of infrahyoid epiglottis (disorder)
covariate_comorbidities,cancer,GDPPR,363440005,Malignant tumor of soft tissue of face
covariate_comorbidities,cancer,GDPPR,285776004,Intermediate grade B-cell lymphoma (disorder)
covariate_comorbidities,cancer,GDPPR,707538002,Primary squamous cell carcinoma of vallecula (disorder)
covariate_comorbidities,cancer,GDPPR,363375006,Malignant tumour of tongue
covariate_comorbidities,cancer,GDPPR,31047003,Lymphomatoid papulosis (disorder)
covariate_comorbidities,cancer,GDPPR,443520009,Chondrosarcoma (disorder)
covariate_comorbidities,cancer,GDPPR,188640007,"Malignant histiocytosis of lymph nodes of head, face and neck"
covariate_comorbidities,cancer,GDPPR,363464006,Malignant tumor of cornea
covariate_comorbidities,cancer,GDPPR,363517008,Malignant tumor of urinary tract proper (disorder)
covariate_comorbidities,cancer,GDPPR,254601002,Sarcoma of liver (disorder)
covariate_comorbidities,cancer,GDPPR,109948008,Overlapping malignant neoplasm of eye and adnexa (primary)
covariate_comorbidities,cancer,GDPPR,254996003,Malignant fibrous histiocytoma of orbit (disorder)
covariate_comorbidities,cancer,GDPPR,278046008,Sarcoma of bladder (disorder)
covariate_comorbidities,cancer,GDPPR,274087000,Malignant melanoma of eye (disorder)
covariate_comorbidities,cancer,GDPPR,230156002,Malignant meningitis (disorder)
covariate_comorbidities,cancer,GDPPR,277604002,Acute eosinophilic leukemia (disorder)
covariate_comorbidities,cancer,GDPPR,235391000000102,Delivery of chemotherapy for neoplasm (procedure)
covariate_comorbidities,cancer,GDPPR,118608000,"Hodgkin's disease, nodular sclerosis (clinical)"
covariate_comorbidities,cancer,GDPPR,363481002,Malignant tumour of parathyroid gland
covariate_comorbidities,cancer,GDPPR,294301000000103,Bowel cancer detected by national screening programme (disorder)
covariate_comorbidities,cancer,GDPPR,285769009,Acute promyelocytic leukemia - hypogranular variant (disorder)
covariate_comorbidities,cancer,GDPPR,187994003,Malignant neoplasm of connective and soft tissue of fore-arm
covariate_comorbidities,cancer,GDPPR,413587002,Smoldering myeloma (disorder)
covariate_comorbidities,cancer,GDPPR,94347008,Secondary malignant neoplasm of intra-abdominal lymph nodes
covariate_comorbidities,cancer,GDPPR,254900004,Carcinoma of prostate (disorder)
covariate_comorbidities,cancer,GDPPR,276836002,Primary cerebral lymphoma (disorder)
covariate_comorbidities,cancer,GDPPR,363486007,Malignant tumor of vocal cord (disorder)
covariate_comorbidities,cancer,GDPPR,94665001,Secondary malignant neoplasm of uterus
covariate_comorbidities,cancer,GDPPR,276975007,Carcinoma of larynx (disorder)
covariate_comorbidities,cancer,GDPPR,269515006,Carcinoma of lip
covariate_comorbidities,cancer,GDPPR,363433009,Malignant tumour of pleura
covariate_comorbidities,cancer,GDPPR,363408006,Malignant tumour of transverse colon
covariate_comorbidities,cancer,GDPPR,187716008,Malignant tumour of Waldeyer's ring
covariate_comorbidities,cancer,GDPPR,373082000,Malignant neoplasm of breast upper inner quadrant (disorder)
covariate_comorbidities,cancer,GDPPR,254503007,Malignant tumor of inferior surface of soft palate (disorder)
covariate_comorbidities,cancer,GDPPR,94227002,Secondary malignant neoplasm of bronchopulmonary lymph nodes
covariate_comorbidities,cancer,GDPPR,363482009,Malignant tumor of pituitary gland
covariate_comorbidities,cancer,GDPPR,307647008,"Malignant lymphoma, centroblastic type, follicular (disorder)"
covariate_comorbidities,cancer,GDPPR,188516007,Burkitt's lymphoma of spleen (disorder)
covariate_comorbidities,cancer,GDPPR,414166008,"Extranodal natural killer/T-cell lymphoma, nasal type (disorder)"
covariate_comorbidities,cancer,GDPPR,254829001,Liposarcoma (disorder)
covariate_comorbidities,cancer,GDPPR,269469005,Malignant neoplasm of soft tissue
covariate_comorbidities,cancer,GDPPR,188044004,Malignant melanoma of scalp and neck
covariate_comorbidities,cancer,GDPPR,35868009,Carcinoid syndrome (disorder)
covariate_comorbidities,cancer,GDPPR,187777008,Malignant neoplasm of intrahepatic gall duct
covariate_comorbidities,cancer,GDPPR,277643003,High grade T-cell lymphoma (disorder)
covariate_comorbidities,cancer,GDPPR,188576003,"Hodgkin's disease, mixed cellularity of intrathoracic lymph nodes"
covariate_comorbidities,cancer,GDPPR,94432003,Secondary malignant neoplasm of muscle (disorder)
covariate_comorbidities,cancer,GDPPR,254852002,Endometrioid carcinoma ovary (disorder)
covariate_comorbidities,cancer,GDPPR,94603006,Secondary malignant neoplasm of spleen (disorder)
covariate_comorbidities,cancer,GDPPR,94393006,Secondary malignant neoplasm of lymph nodes of face
covariate_comorbidities,cancer,GDPPR,12240951000119107,Squamous cell carcinoma of left lung (disorder)
covariate_comorbidities,cancer,GDPPR,397009000,Mast cell malignancy (disorder)
covariate_comorbidities,cancer,GDPPR,94096009,Primary malignant neoplasm of thymus (disorder)
covariate_comorbidities,cancer,GDPPR,94351005,Secondary malignant neoplasm of intrathoracic lymph nodes
covariate_comorbidities,cancer,GDPPR,278043000,Malignant seminoma of mediastinum (disorder)
covariate_comorbidities,cancer,GDPPR,94661005,Secondary malignant neoplasm of urethra
covariate_comorbidities,cancer,GDPPR,313357008,Squamous cell carcinoma of bronchus in right upper lobe (disorder)
covariate_comorbidities,cancer,GDPPR,187635002,Malignant neoplasm of midline of tongue (disorder)
covariate_comorbidities,cancer,GDPPR,363459007,Malignant tumour of urethra
covariate_comorbidities,cancer,GDPPR,277622004,Mucosa-associated lymphoma
covariate_comorbidities,cancer,GDPPR,188353002,"Malignant neoplasm of head, neck and face"
covariate_comorbidities,cancer,GDPPR,278491007,Mixed seminoma teratoma of testis (disorder)
covariate_comorbidities,cancer,GDPPR,363360003,Malignant tumor of anterior two-thirds of tongue
covariate_comorbidities,cancer,GDPPR,188071004,Malignant melanoma of popliteal fossa area
covariate_comorbidities,cancer,GDPPR,277551008,Splenic lymphoma with villous lymphocytes
covariate_comorbidities,cancer,GDPPR,187658004,Malignant tumour of vestibule of mouth
covariate_comorbidities,cancer,GDPPR,109267002,Overlapping malignant melanoma of skin
covariate_comorbidities,cancer,GDPPR,255101006,Sezary disease of skin (disorder)
covariate_comorbidities,cancer,GDPPR,363421004,Malignant neoplasm of omentum
covariate_comorbidities,cancer,GDPPR,188155002,Malignant neoplasm of lower-outer quadrant of female breast
covariate_comorbidities,cancer,GDPPR,310599006,Malignant neoplasm of canthus (disorder)
covariate_comorbidities,cancer,GDPPR,188001003,Malignant neoplasm of connective and soft tissue of thigh and upper leg
covariate_comorbidities,cancer,GDPPR,94446003,Secondary malignant neoplasm of obturator lymph nodes (disorder)
covariate_comorbidities,cancer,GDPPR,314996003,Metastasis from malignant tumor of kidney (disorder)
covariate_comorbidities,cancer,GDPPR,254849005,Malignant epithelial tumor of ovary (disorder)
covariate_comorbidities,cancer,GDPPR,109385007,Kaposi's sarcoma (clinical)
covariate_comorbidities,cancer,GDPPR,449627008,Malignant neoplasm of long bone of lower limb (disorder)
covariate_comorbidities,cancer,GDPPR,187841006,Malignant tumor of glottis
covariate_comorbidities,cancer,GDPPR,413537009,Angioimmunoblastic T-cell lymphoma (disorder)
covariate_comorbidities,cancer,GDPPR,363438000,Malignant tumor of vertebral column
covariate_comorbidities,cancer,GDPPR,303057009,"Malignant lymphoma, follicular center cell, non-cleaved (disorder)"
covariate_comorbidities,cancer,GDPPR,188168005,Malignant neoplasm of ectopic site of male breast
covariate_comorbidities,cancer,GDPPR,363490009,Malignant tumor of anus
covariate_comorbidities,cancer,GDPPR,118612006,Malignant histiocytosis (clinical)
covariate_comorbidities,cancer,GDPPR,94125001,Primary malignant neoplasm of urinary system (disorder)
covariate_comorbidities,cancer,GDPPR,1090201000000109,Secondary malignant neoplasm of deep inguinal lymph nodes (disorder)
covariate_comorbidities,cancer,GDPPR,253042009,Myxoid dermatofibrosarcoma protuberans (disorder)
covariate_comorbidities,cancer,GDPPR,94494004,Secondary malignant neoplasm of popliteal lymph nodes (disorder)
covariate_comorbidities,cancer,GDPPR,254839007,Scirrhous carcinoma of breast (disorder)
covariate_comorbidities,cancer,GDPPR,363350007,Malignant tumour of caecum
covariate_comorbidities,cancer,GDPPR,1090141000000102,Secondary malignant neoplasm of superficial cervical lymph nodes (disorder)
covariate_comorbidities,cancer,GDPPR,363444001,Malignant tumor of fallopian tube
covariate_comorbidities,cancer,GDPPR,231833004,Sebaceous adenocarcinoma of eyelid (disorder)
covariate_comorbidities,cancer,GDPPR,716659002,Squamous cell carcinoma of head and neck (disorder)
covariate_comorbidities,cancer,GDPPR,187956003,Malignant neoplasm of sacral vertebra
covariate_comorbidities,cancer,GDPPR,254530002,Malignant tumor of parapharyngeal space (disorder)
covariate_comorbidities,cancer,GDPPR,372003004,Primary malignant neoplasm of pancreas (disorder)
covariate_comorbidities,cancer,GDPPR,109383000,Mesothelioma of pericardium
covariate_comorbidities,cancer,GDPPR,342561000000102,Siewert type III adenocarcinoma (disorder)
covariate_comorbidities,cancer,GDPPR,254478004,Malignant tumor of inferior turbinate (disorder)
covariate_comorbidities,cancer,GDPPR,449077005,Malignant epithelial neoplasm of maxilla (disorder)
covariate_comorbidities,cancer,GDPPR,363417006,Malignant tumor of ampulla of Vater
covariate_comorbidities,cancer,GDPPR,449153001,Adenocarcinoma of lower esophagus (disorder)
covariate_comorbidities,cancer,GDPPR,307599002,Sebaceous adenocarcinoma (disorder)
covariate_comorbidities,cancer,GDPPR,231835006,Kaposi's sarcoma of eyelid (disorder)
covariate_comorbidities,cancer,GDPPR,363488008,Malignant tumor of false cord (disorder)
covariate_comorbidities,cancer,GDPPR,447882007,Malignant epithelial neoplasm of vulva (disorder)
covariate_comorbidities,cancer,GDPPR,187727005,Malignant neoplasm of lower third of oesophagus
covariate_comorbidities,cancer,GDPPR,79268002,"Polyneuropathy, organomegaly, endocrinopathy, monoclonal gammopathy, and skin changes syndrome (disorder)"
covariate_comorbidities,cancer,GDPPR,448868009,Malignant neoplasm of lateral wall of oropharynx (disorder)
covariate_comorbidities,cancer,GDPPR,738770003,Anaplastic lymphoma kinase positive anaplastic large cell lymphoma (disorder)
covariate_comorbidities,cancer,GDPPR,363516004,Malignant tumour of penis
covariate_comorbidities,cancer,GDPPR,363346000,Malignant tumour
covariate_comorbidities,cancer,GDPPR,363498002,Malignant tumor of optic nerve
covariate_comorbidities,cancer,GDPPR,71111000119109,Recurrent primary malignant neoplasm of vulva (disorder)
covariate_comorbidities,cancer,GDPPR,92814006,Chronic lymphoid leukemia
covariate_comorbidities,cancer,GDPPR,277623009,Monocytoid B-cell lymphoma (disorder)
covariate_comorbidities,cancer,GDPPR,425178004,Adenocarcinoma of rectosigmoid junction (disorder)
covariate_comorbidities,cancer,GDPPR,94006002,Primary malignant neoplasm of sigmoid colon (disorder)
covariate_comorbidities,cancer,GDPPR,276809004,Early gastric cancer (disorder)
covariate_comorbidities,cancer,GDPPR,274085008,Tonsil carcinoma (disorder)
covariate_comorbidities,cancer,GDPPR,404037002,Malignant peripheral nerve sheath tumor (disorder)
covariate_comorbidities,cancer,GDPPR,363436001,Malignant tumor of endocardium
covariate_comorbidities,cancer,GDPPR,95231000,Reticulosarcoma of spleen
covariate_comorbidities,cancer,GDPPR,95186006,Nodular lymphoma of intra-abdominal lymph nodes
covariate_comorbidities,cancer,GDPPR,188033007,Malignant melanoma of auricle (ear)
covariate_comorbidities,cancer,GDPPR,161436008,H/O: * leukemia
covariate_comorbidities,cancer,GDPPR,91281000119103,Secondary adenocarcinoma of bone (disorder)
covariate_comorbidities,cancer,GDPPR,281566005,Abdominothoracic neuroblastoma
covariate_comorbidities,cancer,GDPPR,363416002,Malignant tumour of extrahepatic bile duct
covariate_comorbidities,cancer,GDPPR,956531000000104,Malignant melanoma stage IV M1b (finding)
covariate_comorbidities,cancer,GDPPR,94389000,Secondary malignant neoplasm of lumbar vertebral column (disorder)
covariate_comorbidities,cancer,GDPPR,188061001,Malignant melanoma of upper arm
covariate_comorbidities,cancer,GDPPR,93757004,Malignant neoplasm of clavicle
covariate_comorbidities,cancer,GDPPR,188073001,Malignant melanoma of ankle
covariate_comorbidities,cancer,GDPPR,254709009,Digital papillary eccrine carcinoma of skin (disorder)
covariate_comorbidities,cancer,GDPPR,363367000,Malignant tumor of vulva
covariate_comorbidities,cancer,GDPPR,187835004,Malignant tumour of tympanic cavity
covariate_comorbidities,cancer,GDPPR,424151006,Anaplastic glioma of brain (disorder)
covariate_comorbidities,cancer,GDPPR,169400008,Radiochemotherapy via intravenous route (procedure)
covariate_comorbidities,cancer,GDPPR,413847001,Chronic phase chronic myeloid leukemia (disorder)
covariate_comorbidities,cancer,GDPPR,733608000,Papillary renal cell carcinoma (disorder)
covariate_comorbidities,cancer,GDPPR,285310000,Carcinoma of anal canal (disorder)
covariate_comorbidities,cancer,GDPPR,372143007,Carcinoma of stomach (disorder)
covariate_comorbidities,cancer,GDPPR,310498001,Malignant melanoma of back
covariate_comorbidities,cancer,GDPPR,956431000000100,Malignant melanoma stage IIIA (finding)
covariate_comorbidities,cancer,GDPPR,314968009,Local recurrence of malignant tumor of urinary bladder (disorder)
covariate_comorbidities,cancer,GDPPR,93761005,Primary malignant neoplasm of colon (disorder)
covariate_comorbidities,cancer,GDPPR,699005005,History of malignant hematologic neoplasm
covariate_comorbidities,cancer,GDPPR,363384006,Malignant tumour of lower gingiva
covariate_comorbidities,cancer,GDPPR,93884005,Malignant neoplasm of male breast
covariate_comorbidities,cancer,GDPPR,722542000,Primary squamous cell carcinoma of anal canal (disorder)
covariate_comorbidities,cancer,GDPPR,188319001,Malignant neoplasm of spinal pia mater (disorder)
covariate_comorbidities,cancer,GDPPR,188315007,Malignant neoplasm of cerebral pia mater (disorder)
covariate_comorbidities,cancer,GDPPR,277572006,Pre B-cell acute lymphoblastic leukemia (disorder)
covariate_comorbidities,cancer,GDPPR,1090081000000106,Secondary malignant neoplasm of paratracheal lymph nodes (disorder)
covariate_comorbidities,cancer,GDPPR,443487006,Mantle cell lymphoma (disorder)
covariate_comorbidities,cancer,GDPPR,363469001,Malignant neoplasm of parietal lobe
covariate_comorbidities,cancer,GDPPR,363435002,Malignant tumour of heart
covariate_comorbidities,cancer,GDPPR,706970001,Triple negative malignant neoplasm of breast (disorder)
covariate_comorbidities,cancer,GDPPR,269473008,Secondary malignant neoplasm of respiratory and digestive systems
covariate_comorbidities,cancer,GDPPR,187614004,Malignant tumor of frenum of lower lip
covariate_comorbidities,cancer,GDPPR,313354001,Squamous cell carcinoma of bronchus in left upper lobe (disorder)
covariate_comorbidities,cancer,GDPPR,254462001,Carcinoma of parotid gland (disorder)
covariate_comorbidities,cancer,GDPPR,231829006,Malignant neoplasm of eyelid (disorder)
covariate_comorbidities,cancer,GDPPR,698040004,Malignant melanoma of nasal cavity (disorder)
covariate_comorbidities,cancer,GDPPR,847481000000109,Follicular lymphoma grade 1 (disorder)
covariate_comorbidities,cancer,GDPPR,413741005,Cancer monitoring third letter (procedure)
covariate_comorbidities,cancer,GDPPR,188339002,Malignant neoplasm of pituitary gland and craniopharyngeal duct
covariate_comorbidities,cancer,GDPPR,449472007,Malignant epithelial neoplasm of alveolus dentalis (disorder)
covariate_comorbidities,cancer,GDPPR,428061005,Malignant neoplasm of brain (disorder)
covariate_comorbidities,cancer,GDPPR,109386008,Kaposi's sarcoma of skin (disorder)
covariate_comorbidities,cancer,GDPPR,93525002,Hodgkin's disease of lymph nodes of inguinal region AND/OR lower limb
covariate_comorbidities,cancer,GDPPR,314955001,Local recurrence of malignant tumor of breast (disorder)
covariate_comorbidities,cancer,GDPPR,255084004,Squamous cell carcinoma of anal margin
covariate_comorbidities,cancer,GDPPR,277461004,Anaplastic astrocytoma of brain (disorder)
covariate_comorbidities,cancer,GDPPR,187726001,Malignant tumor of middle third of esophagus
covariate_comorbidities,cancer,GDPPR,254567005,Carcinoma of greater curve of stomach (disorder)
covariate_comorbidities,cancer,GDPPR,269579005,Malignant melanoma of trunk
covariate_comorbidities,cancer,GDPPR,93841009,Malignant neoplasm of intrathoracic organs
covariate_comorbidities,cancer,GDPPR,363446004,Malignant neoplasm of labia majora
covariate_comorbidities,cancer,GDPPR,363418001,Malignant tumour of pancreas
covariate_comorbidities,cancer,GDPPR,274088005,Secondary malignant neoplasm of unknown site
covariate_comorbidities,cancer,GDPPR,313249007,Malignant neoplasm of upper eyelid (disorder)
covariate_comorbidities,cancer,GDPPR,363443007,Malignant tumour of ovary
covariate_comorbidities,cancer,GDPPR,255032005,Medullary thyroid carcinoma (disorder)
covariate_comorbidities,cancer,GDPPR,94659001,Secondary malignant neoplasm of ureter
covariate_comorbidities,cancer,GDPPR,94142007,Malignant neoplasm of vomer
covariate_comorbidities,cancer,GDPPR,187688008,Malignant tumour of posterior wall of oropharynx
covariate_comorbidities,cancer,GDPPR,447883002,Malignant neoplasm of carotid body (disorder)
covariate_comorbidities,cancer,GDPPR,1110871000000109,Quality and Outcomes Framework cancer quality indicator-related care invitation (procedure)
covariate_comorbidities,cancer,GDPPR,285614004,Metastasis to pancreas of unknown primary (disorder)
covariate_comorbidities,cancer,GDPPR,735735001,Primary malignant neuroendocrine neoplasm of pancreas (disorder)
covariate_comorbidities,cancer,GDPPR,417036008,Liquid based cervical cytology screening (procedure)
covariate_comorbidities,cancer,GDPPR,188292007,Malignant tumour of choroid plexus
covariate_comorbidities,cancer,GDPPR,94186002,Secondary malignant neoplasm of bladder
covariate_comorbidities,cancer,GDPPR,188195000,Malignant neoplasm of isthmus of uterine body
covariate_comorbidities,cancer,GDPPR,94098005,Primary malignant neoplasm of thyroid gland (disorder)
covariate_comorbidities,cancer,GDPPR,118615008,Malignant mast cell tumor (clinical)
covariate_comorbidities,cancer,GDPPR,248331000000109,Cancer monitoring telephone invitation (procedure)
covariate_comorbidities,cancer,GDPPR,277575008,T-cell acute lymphoblastic leukemia (disorder)
covariate_comorbidities,cancer,GDPPR,303201005,Metastasis to multiple lymph nodes
covariate_comorbidities,cancer,GDPPR,231834005,Malignant melanoma of eyelid
covariate_comorbidities,cancer,GDPPR,254856004,Undifferentiated carcinoma of ovary (disorder)
covariate_comorbidities,cancer,GDPPR,255016007,Adenocarcinoma of pigmented epithelium of ciliary body (disorder)
covariate_comorbidities,cancer,GDPPR,91151000119103,Primary squamous cell carcinoma of chest wall (disorder)
covariate_comorbidities,cancer,GDPPR,109978004,T-cell lymphoma (clinical)
covariate_comorbidities,cancer,GDPPR,238861000000108,Delivery of simple parenteral chemotherapy for neoplasm at first attendance (procedure)
covariate_comorbidities,cancer,GDPPR,254988008,Adenocarcinoma of lacrimal gland (disorder)
covariate_comorbidities,cancer,GDPPR,307646004,"Malignant lymphoma, lymphocytic, poorly differentiated, nodular (disorder)"
covariate_comorbidities,cancer,GDPPR,416842003,Malignant sacral teratoma (disorder)
covariate_comorbidities,cancer,GDPPR,94222008,Secondary malignant neoplasm of bone
covariate_comorbidities,cancer,GDPPR,187988006,Malignant neoplasm of tarsus of eyelid
covariate_comorbidities,cancer,GDPPR,363401000,Malignant tumor of pyriform fossa
covariate_comorbidities,cancer,GDPPR,188055004,Malignant melanoma of umbilicus
covariate_comorbidities,cancer,GDPPR,722528008,Primary malignant neuroendocrine neoplasm of lung (disorder)
covariate_comorbidities,cancer,GDPPR,300988009,Transitional cell carcinoma of ureter (disorder)
covariate_comorbidities,cancer,GDPPR,254628007,Carcinoma of lung parenchyma (disorder)
covariate_comorbidities,cancer,GDPPR,286902000,Secondary carcinoma of gastrointestinal tract (disorder)
covariate_comorbidities,cancer,GDPPR,187681002,Malignant neoplasm of anterior epiglottis
covariate_comorbidities,cancer,GDPPR,235331000000103,Delivery of oral chemotherapy for neoplasm (regime/therapy)
covariate_comorbidities,cancer,GDPPR,307635002,"Hodgkin's disease, nodular sclerosis - cellular phase (disorder)"
covariate_comorbidities,cancer,GDPPR,276954004,Squamous cell carcinoma of floor of mouth (disorder)
covariate_comorbidities,cancer,GDPPR,363412000,Malignant tumour of ascending colon
covariate_comorbidities,cancer,GDPPR,188192002,Malignant neoplasm of endometrium of corpus uteri
covariate_comorbidities,cancer,GDPPR,109980005,Malignant immunoproliferative disease (clinical)
covariate_comorbidities,cancer,GDPPR,276804009,Squamous cell carcinoma of esophagus (disorder)
covariate_comorbidities,cancer,GDPPR,363474009,Malignant neoplasm of cerebral meninges
covariate_comorbidities,cancer,GDPPR,94709001,Mycosis fungoides of intrathoracic lymph nodes (disorder)
covariate_comorbidities,cancer,GDPPR,188541000,Hodgkin's granuloma of lymph nodes of multiple sites (disorder)
covariate_comorbidities,cancer,GDPPR,188744006,Histiocytic leukemia
covariate_comorbidities,cancer,GDPPR,94410007,Secondary malignant neoplasm of mesenteric lymph nodes
covariate_comorbidities,cancer,GDPPR,363457009,Malignant tumour of renal pelvis
covariate_comorbidities,cancer,GDPPR,187824009,"Malignant neoplasm, overlapping lesion of digestive system"
covariate_comorbidities,cancer,GDPPR,255118005,Secondary lymphangitic carcinoma (disorder)
covariate_comorbidities,cancer,GDPPR,94313005,Secondary malignant neoplasm of gastrointestinal tract
covariate_comorbidities,cancer,GDPPR,188208002,Malignant neoplasm of Gartner's duct (disorder)
covariate_comorbidities,cancer,GDPPR,363468009,Malignant neoplasm of temporal lobe
covariate_comorbidities,cancer,GDPPR,94102002,Primary malignant neoplasm of tonsillar fossa (disorder)
covariate_comorbidities,cancer,GDPPR,444604002,Carcinoma of breast with ductal and lobular features (disorder)
covariate_comorbidities,cancer,GDPPR,254994000,Rhabdomyosarcoma of orbit (disorder)
covariate_comorbidities,cancer,GDPPR,236005001,Malignant ascites
covariate_comorbidities,cancer,GDPPR,187903000,Malignant neoplasm of malar bone
covariate_comorbidities,cancer,GDPPR,188511002,Burkitt's lymphoma of intrathoracic lymph nodes
covariate_comorbidities,cancer,GDPPR,255119002,Lymphangitis carcinomatosa (disorder)
covariate_comorbidities,cancer,GDPPR,187866005,Malignant neoplasm of middle lobe of lung
covariate_comorbidities,cancer,GDPPR,254713002,Mucoepidermoid carcinoma of skin (disorder)
covariate_comorbidities,cancer,GDPPR,93833009,Malignant neoplasm of ilium
covariate_comorbidities,cancer,GDPPR,188307009,Malignant tumour of cranial nerve
covariate_comorbidities,cancer,GDPPR,417084004,Cancer monitoring verbal invitation (procedure)
covariate_comorbidities,cancer,GDPPR,413843002,Chronic myeloid leukemia in myeloid blast crisis (disorder)
covariate_comorbidities,cancer,GDPPR,402558004,Malignant melanoma (vertical growth phase) (disorder)
covariate_comorbidities,cancer,GDPPR,253096008,Peripheral neuroectodermal tumor (disorder)
covariate_comorbidities,cancer,GDPPR,187829004,Malignant neoplasm of cartilage of nose
covariate_comorbidities,cancer,GDPPR,188157005,"Malignant neoplasm, overlapping lesion of breast"
covariate_comorbidities,cancer,GDPPR,254645002,Malignant mesothelioma of pleura
covariate_comorbidities,cancer,GDPPR,372099007,Malignant neoplasm of exocervix (disorder)
covariate_comorbidities,cancer,GDPPR,371965009,Malignant neoplasm of adrenal medulla (disorder)
covariate_comorbidities,cancer,GDPPR,1090271000000101,Malignant neoplasm of ventral surface of tongue (disorder)
covariate_comorbidities,cancer,GDPPR,820601000000103,Refractory anaemia with multilineage dysplasia (disorder)
covariate_comorbidities,cancer,GDPPR,277610002,"Hodgkin's disease, nodular sclerosis - lymphocytic predominance (disorder)"
covariate_comorbidities,cancer,GDPPR,94455000,Secondary malignant neoplasm of ovary
covariate_comorbidities,cancer,GDPPR,188579005,"Hodgkin's disease, mixed cellularity of lymph nodes of inguinal region and lower limb (disorder)"
covariate_comorbidities,cancer,GDPPR,235966007,Cystadenocarcinoma of pancreas (disorder)
covariate_comorbidities,cancer,GDPPR,94503003,Secondary malignant neoplasm of prostate
covariate_comorbidities,cancer,GDPPR,176106009,Radical cystoprostatourethrectomy
covariate_comorbidities,cancer,GDPPR,81232004,Radical cystoprostatectomy
covariate_comorbidities,cancer,GDPPR,385377005,Gleason grade finding for prostatic cancer (finding)
covariate_comorbidities,cancer,GDPPR,369777009,Gleason Score 8-10: Poorly differentiated
covariate_comorbidities,cancer,GDPPR,399068003,Malignant tumor of prostate (disorder)
covariate_comorbidities,cancer,GDPPR,176261008,Radical prostatectomy without pelvic node excision
covariate_comorbidities,cancer,GDPPR,369775001,Gleason Score 2-4: Well differentiated
covariate_comorbidities,cancer,GDPPR,126906006,Neoplasm of prostate
covariate_comorbidities,cancer,GDPPR,176263006,Radical prostatectomy with pelvic lymphadenectomy
covariate_comorbidities,cancer,GDPPR,428262008,History of malignant neoplasm of prostate (situation)
covariate_comorbidities,cancer,GDPPR,394932008,Gleason prostate grade 5-7 (medium) (finding)
covariate_comorbidities,cancer,GDPPR,176262001,Radical prostatectomy with pelvic node sampling
covariate_comorbidities,cancer,HES-APC,C10,C10 Malignant neoplasm of oropharynx
covariate_comorbidities,cancer,HES-APC,C38,"C38 Malignant neoplasm of heart, mediastinum and pleura"
covariate_comorbidities,cancer,HES-APC,C62,C62 Malignant neoplasm of testis
covariate_comorbidities,cancer,HES-APC,C32,C32 Malignant neoplasm of larynx
covariate_comorbidities,cancer,HES-APC,C56,C56 Malignant neoplasm of ovary
covariate_comorbidities,cancer,HES-APC,C25,C25 Malignant neoplasm of pancreas
covariate_comorbidities,cancer,HES-APC,C01,C01 Malignant neoplasm of base of tongue
covariate_comorbidities,cancer,HES-APC,C52,C52 Malignant neoplasm of vagina
covariate_comorbidities,cancer,HES-APC,C47,C47 Malignant neoplasm of peripheral nerves and autonomic nervous system
covariate_comorbidities,cancer,HES-APC,C39,C39 Malignant neoplasm of other and ill-defined sites in the respiratory system and intrathoracic organs
covariate_comorbidities,cancer,HES-APC,C23,C23 Malignant neoplasm of gallbladder
covariate_comorbidities,cancer,HES-APC,C66,C66 Malignant neoplasm of ureter
covariate_comorbidities,cancer,HES-APC,C51,C51 Malignant neoplasm of vulva
covariate_comorbidities,cancer,HES-APC,C03,C03 Malignant neoplasm of gum
covariate_comorbidities,cancer,HES-APC,C31,C31 Malignant neoplasm of accessory sinuses
covariate_comorbidities,cancer,HES-APC,C22,C22 Malignant neoplasm of liver and intrahepatic bile ducts
covariate_comorbidities,cancer,HES-APC,C55,"C55 Malignant neoplasm of uterus, part unspecified"
covariate_comorbidities,cancer,HES-APC,C05,C05 Malignant neoplasm of palate
covariate_comorbidities,cancer,HES-APC,C21,C21 Malignant neoplasm of anus and anal canal
covariate_comorbidities,cancer,HES-APC,C07,C07 Malignant neoplasm of parotid gland
covariate_comorbidities,cancer,HES-APC,C48,C48 Malignant neoplasm of retroperitoneum and peritoneum
covariate_comorbidities,cancer,HES-APC,C20,C20 Malignant neoplasm of rectum
covariate_comorbidities,cancer,HES-APC,C61,C61 Malignant neoplasm of prostate
covariate_comorbidities,cancer,HES-APC,C13,C13 Malignant neoplasm of hypopharynx
covariate_comorbidities,cancer,HES-APC,C40,C40 Malignant neoplasm of bone and articular cartilage of limbs
covariate_comorbidities,cancer,HES-APC,C18,C18 Malignant neoplasm of colon
covariate_comorbidities,cancer,HES-APC,C33,C33 Malignant neoplasm of trachea
covariate_comorbidities,cancer,HES-APC,C09,C09 Malignant neoplasm of tonsil
covariate_comorbidities,cancer,HES-APC,C65,C65 Malignant neoplasm of renal pelvis
covariate_comorbidities,cancer,HES-APC,C46,C46 Kaposi's sarcoma
covariate_comorbidities,cancer,HES-APC,C26,C26 Malignant neoplasm of other and ill-defined digestive organs
covariate_comorbidities,cancer,HES-APC,C54,C54 Malignant neoplasm of corpus uteri
covariate_comorbidities,cancer,HES-APC,C24,C24 Malignant neoplasm of other and unspecified parts of biliary tract
covariate_comorbidities,cancer,HES-APC,C58,C58 Malignant neoplasm of placenta
covariate_comorbidities,cancer,HES-APC,C19,C19 Malignant neoplasm of rectosigmoid junction
covariate_comorbidities,cancer,HES-APC,C02,C02 Malignant neoplasm of other and unspecified parts of tongue
covariate_comorbidities,cancer,HES-APC,C50,C50 Malignant neoplasm of breast
covariate_comorbidities,cancer,HES-APC,C30,C30 Malignant neoplasm of nasal cavity and middle ear
covariate_comorbidities,cancer,HES-APC,C73,C73 Malignant neoplasm of thyroid gland
covariate_comorbidities,cancer,HES-APC,C17,C17 Malignant neoplasm of small intestine
covariate_comorbidities,cancer,HES-APC,C64,"C64 Malignant neoplasm of kidney, except renal pelvis"
covariate_comorbidities,cancer,HES-APC,C71,C71 Malignant neoplasm of brain
covariate_comorbidities,cancer,HES-APC,C42,C42 hematopoietic and reticuloendothelial systems (ICD-O-3 specific)
covariate_comorbidities,cancer,HES-APC,C12,C12 Malignant neoplasm of pyriform sinus
covariate_comorbidities,cancer,HES-APC,C49,C49 Malignant neoplasm of other connective and soft tissue
covariate_comorbidities,cancer,HES-APC,C00,C00 Malignant neoplasm of lip
covariate_comorbidities,cancer,HES-APC,C70,C70 Malignant neoplasm of meninges
covariate_comorbidities,cancer,HES-APC,C53,C53 Malignant neoplasm of cervix uteri
covariate_comorbidities,cancer,HES-APC,C44,C44 Other malignant neoplasms of skin
covariate_comorbidities,cancer,HES-APC,C41,C41 Malignant neoplasm of bone and articular cartilage of other and unspecified sites
covariate_comorbidities,cancer,HES-APC,C37,C37 Malignant neoplasm of thymus
covariate_comorbidities,cancer,HES-APC,C16,C16 Malignant neoplasm of stomach
covariate_comorbidities,cancer,HES-APC,C43,C43 Malignant melanoma of skin
covariate_comorbidities,cancer,HES-APC,C75,C75 Malignant neoplasm of other endocrine glands and related structures
covariate_comorbidities,cancer,HES-APC,C04,C04 Malignant neoplasm of floor of mouth
covariate_comorbidities,cancer,HES-APC,C74,C74 Malignant neoplasm of adrenal gland
covariate_comorbidities,cancer,HES-APC,C67,C67 Malignant neoplasm of bladder
covariate_comorbidities,cancer,HES-APC,C63,C63 Malignant neoplasm of other and unspecified male genital organs
covariate_comorbidities,cancer,HES-APC,C57,C57 Malignant neoplasm of other and unspecified female genital organs
covariate_comorbidities,cancer,HES-APC,C72,"C72 Malignant neoplasm of spinal cord, cranial nerves and other parts of central nervous system"
covariate_comorbidities,cancer,HES-APC,C69,C69 Malignant neoplasm of eye and adnexa
covariate_comorbidities,cancer,HES-APC,C60,C60 Malignant neoplasm of penis
covariate_comorbidities,cancer,HES-APC,C06,C06 Malignant neoplasm of other and unspecified parts of mouth
covariate_comorbidities,cancer,HES-APC,C45,C45 Mesothelioma
covariate_comorbidities,cancer,HES-APC,C34,C34 Malignant neoplasm of bronchus and lung
covariate_comorbidities,cancer,HES-APC,C14,"C14 Malignant neoplasm of other and ill-defined sites in the lip, oral cavity and pharynx"
covariate_comorbidities,cancer,HES-APC,C15,C15 Malignant neoplasm of oesophagus
covariate_comorbidities,cancer,HES-APC,C68,C68 Malignant neoplasm of other and unspecified urinary organs
covariate_comorbidities,cancer,HES-APC,C11,C11 Malignant neoplasm of nasopharynx
covariate_comorbidities,cancer,HES-APC,C08,C08 Malignant neoplasm of other and unspecified major salivary glands
covariate_comorbidities,dementia,GDPPR,419261000000107,"[X]Dementia in Alzheimer's dis, atypical or mixed type (disorder)"
covariate_comorbidities,dementia,GDPPR,716221000000104,Dementia monitoring verbal invitation (procedure)
covariate_comorbidities,dementia,GDPPR,723390000,Rapidly progressive dementia (disorder)
covariate_comorbidities,dementia,GDPPR,416975007,"Primary degenerative dementia of the Alzheimer type, senile onset (disorder)"
covariate_comorbidities,dementia,GDPPR,312991009,Senile dementia of the Lewy body type
covariate_comorbidities,dementia,GDPPR,230287006,Mixed cortical and subcortical vascular dementia
covariate_comorbidities,dementia,GDPPR,230280008,Progressive aphasia in Alzheimer's disease
covariate_comorbidities,dementia,GDPPR,1095101000000106,Offer of dementia advance care planning review declined (situation)
covariate_comorbidities,dementia,GDPPR,956881000000103,Dementia care plan declined (situation)
covariate_comorbidities,dementia,GDPPR,191454001,Presenile dementia with paranoia
covariate_comorbidities,dementia,GDPPR,191455000,Presenile dementia with depression
covariate_comorbidities,dementia,GDPPR,191459006,Senile dementia with depression
covariate_comorbidities,dementia,GDPPR,15662003,Senile dementia
covariate_comorbidities,dementia,GDPPR,9345005,Dialysis dementia (disorder)
covariate_comorbidities,dementia,GDPPR,191493005,Drug-induced dementia (disorder)
covariate_comorbidities,dementia,GDPPR,1110901000000109,Quality and Outcomes Framework dementia quality indicator-related care invitation (procedure)
covariate_comorbidities,dementia,GDPPR,230267005,Familial Alzheimer's disease of late onset
covariate_comorbidities,dementia,GDPPR,230270009,Frontotemporal dementia (disorder)
covariate_comorbidities,dementia,GDPPR,52448006,Dementia
covariate_comorbidities,dementia,GDPPR,191451009,Uncomplicated presenile dementia
covariate_comorbidities,dementia,GDPPR,22381000119105,Primary degenerative dementia
covariate_comorbidities,dementia,GDPPR,416780008,"Primary degenerative dementia of the Alzheimer type, presenile onset (disorder)"
covariate_comorbidities,dementia,GDPPR,1095111000000108,Review of dementia advance care plan (procedure)
covariate_comorbidities,dementia,GDPPR,230283005,Punch drunk syndrome (disorder)
covariate_comorbidities,dementia,GDPPR,716671000000102,Dementia monitoring third letter (procedure)
covariate_comorbidities,dementia,GDPPR,191458003,Senile dementia with paranoia
covariate_comorbidities,dementia,GDPPR,191449005,Uncomplicated senile dementia
covariate_comorbidities,dementia,GDPPR,26929004,Alzheimer's disease
covariate_comorbidities,dementia,GDPPR,230266001,Non-familial Alzheimer's disease of early onset
covariate_comorbidities,dementia,GDPPR,442344002,Dementia due to Huntington chorea
covariate_comorbidities,dementia,GDPPR,716991000000108,Dementia monitoring telephone invitation (procedure)
covariate_comorbidities,dementia,GDPPR,425390006,Dementia associated with Parkinson's Disease (disorder)
covariate_comorbidities,dementia,GDPPR,21921000119103,Dementia due to Pick's disease
covariate_comorbidities,dementia,GDPPR,279982005,Cerebral degeneration presenting primarily with dementia
covariate_comorbidities,dementia,GDPPR,715821000000107,Dementia monitoring first letter (procedure)
covariate_comorbidities,dementia,GDPPR,230284004,Spongiform encephalopathy
covariate_comorbidities,dementia,GDPPR,938551000000108,Dementia medication review (procedure)
covariate_comorbidities,dementia,GDPPR,62239001,Parkinson-dementia complex of Guam (disorder)
covariate_comorbidities,dementia,GDPPR,230268000,Non-familial Alzheimer's disease of late onset
covariate_comorbidities,dementia,GDPPR,191519005,Dementia in conditions EC
covariate_comorbidities,dementia,GDPPR,230271008,Pick's disease with Pick bodies (disorder)
covariate_comorbidities,dementia,GDPPR,230265002,Familial Alzheimer's disease of early onset
covariate_comorbidities,dementia,GDPPR,281004,Dementia associated with alcoholism
covariate_comorbidities,dementia,GDPPR,142001000119106,Depressed mood in Alzheimer's disease (disorder)
covariate_comorbidities,dementia,GDPPR,230269008,Focal Alzheimer's disease
covariate_comorbidities,dementia,GDPPR,1089521000000106,Predominantly cortical dementia (disorder)
covariate_comorbidities,dementia,GDPPR,66108005,"Primary degenerative dementia of the Alzheimer type, senile onset, uncomplicated"
covariate_comorbidities,dementia,GDPPR,79341000119107,Mixed dementia (disorder)
covariate_comorbidities,dementia,GDPPR,191461002,Senile dementia with delirium
covariate_comorbidities,dementia,GDPPR,67155006,Gerstmann-Straussler-Scheinker syndrome
covariate_comorbidities,dementia,GDPPR,304603007,New variant of Creutzfeldt-Jakob disease
covariate_comorbidities,dementia,GDPPR,792004,Jakob-Creutzfeldt disease
covariate_comorbidities,dementia,GDPPR,713060000,Sporadic Creutzfeldt-Jakob disease (disorder)
covariate_comorbidities,dementia,GDPPR,278855005,Frontal lobe degeneration (disorder)
covariate_comorbidities,dementia,GDPPR,429458009,Dementia due to Creutzfeldt Jakob disease (disorder)
covariate_comorbidities,dementia,GDPPR,711441000000100,Dementia monitoring invitation (procedure)
covariate_comorbidities,dementia,GDPPR,959461000000102,Dementia advance care plan review declined (situation)
covariate_comorbidities,dementia,GDPPR,956861000000107,Dementia care plan reviewed (situation)
covariate_comorbidities,dementia,GDPPR,45864009,Senile degeneration of brain (disorder)
covariate_comorbidities,dementia,GDPPR,191452002,Presenile dementia with delirium
covariate_comorbidities,dementia,GDPPR,717471000000101,Dementia monitoring second letter (procedure)
covariate_comorbidities,dementia,GDPPR,278857002,Dementia of frontal lobe type (disorder)
covariate_comorbidities,dementia,GDPPR,1095121000000102,Dementia advance care plan agreed (finding)
covariate_comorbidities,dementia,GDPPR,698626001,Dementia associated with multiple sclerosis (disorder)
covariate_comorbidities,dementia,GDPPR,230282000,Post-traumatic dementia (disorder)
covariate_comorbidities,dementia,GDPPR,80098002,Diffuse Lewy body disease
covariate_comorbidities,dementia,GDPPR,13092008,Pick's disease
covariate_comorbidities,dementia,GDPPR,12348006,Presenile dementia
covariate_comorbidities,dementia,GDPPR,230289009,Patchy dementia (disorder)
covariate_comorbidities,dementia,GDPPR,956841000000106,Dementia care plan agreed (finding)
covariate_comorbidities,dementia,GDPPR,230274000,Frontal lobe degeneration with motor neurone disease (disorder)
covariate_comorbidities,dementia,GDPPR,135811000119107,Lewy body dementia with behavioral disturbance (disorder)
covariate_comorbidities,dementia,GDPPR,956901000000100,Dementia care plan review declined (situation)
covariate_comorbidities,dementia,GDPPR,191457008,Senile dementia with depressive or paranoid features
covariate_comorbidities,dementia,GDPPR,101421000119107,Dementia due to Parkinson's disease (disorder)
covariate_comorbidities,dementia,GDPPR,83157008,Fatal familial insomnia
covariate_comorbidities,dementia,GDPPR,20484008,Prion disease
covariate_comorbidities,dementia,GDPPR,230273006,Frontotemporal degeneration (disorder)
covariate_comorbidities,dementia,GDPPR,230288001,Semantic dementia (disorder)
covariate_comorbidities,dementia,GDPPR,10349009,Multi-infarct dementia with delirium (disorder)
covariate_comorbidities,dementia,GDPPR,429998004,Vascular dementia (disorder)
covariate_comorbidities,dementia,GDPPR,723123001,Ischemic vascular dementia (disorder)
covariate_comorbidities,dementia,GDPPR,191463004,Uncomplicated arteriosclerotic dementia
covariate_comorbidities,dementia,GDPPR,288631000119104,Vascular dementia with behavioral disturbance (disorder)
covariate_comorbidities,dementia,GDPPR,56267009,Multi-infarct dementia
covariate_comorbidities,dementia,GDPPR,191465006,Arteriosclerotic dementia with paranoia
covariate_comorbidities,dementia,GDPPR,191466007,Arteriosclerotic dementia with depression
covariate_comorbidities,dementia,GDPPR,230286002,Subcortical vascular dementia
covariate_comorbidities,dementia,GDPPR,16276361000119109,Vascular dementia without behavioral disturbance (disorder)
covariate_comorbidities,dementia,GDPPR,191464005,Arteriosclerotic dementia with delirium
covariate_comorbidities,dementia,GDPPR,230285003,Vascular dementia of acute onset
covariate_comorbidities,dementia,HES-APC,F00,Dementia in Alzheimer's disease
covariate_comorbidities,dementia,HES-APC,F03,Unspecified dementia
covariate_comorbidities,dementia,HES-APC,G30,Alzheimer's disease
covariate_comorbidities,dementia,HES-APC,F051,Delirium superimposed on dementia
covariate_comorbidities,dementia,HES-APC,F01,Vascular dementia
covariate_comorbidities,diabetes,GDPPR,444073006,Type I diabetes mellitus uncontrolled (finding)
covariate_comorbidities,diabetes,GDPPR,80660001,Mauriac's syndrome (disorder)
covariate_comorbidities,diabetes,GDPPR,237651005,Insulin resistance - type A (disorder)
covariate_comorbidities,diabetes,GDPPR,735200002,Absence of lower limb due to diabetes mellitus (disorder)
covariate_comorbidities,diabetes,GDPPR,421468001,Neurological disorder associated with type I diabetes mellitus (disorder)
covariate_comorbidities,diabetes,GDPPR,193184006,Chronic painful diabetic neuropathy
covariate_comorbidities,diabetes,GDPPR,735538002,Lactic acidosis co-occurrent and due to diabetes mellitus (disorder)
covariate_comorbidities,diabetes,GDPPR,11530004,Brittle diabetes
covariate_comorbidities,diabetes,GDPPR,421847006,Ketoacidotic coma in type II diabetes mellitus (disorder)
covariate_comorbidities,diabetes,GDPPR,399870006,Non-high-risk proliferative diabetic retinopathy with no macular edema (disorder)
covariate_comorbidities,diabetes,GDPPR,10754881000119104,Diabetes mellitus in mother complicating childbirth (disorder)
covariate_comorbidities,diabetes,GDPPR,420868002,Disorder associated with type I diabetes mellitus (disorder)
covariate_comorbidities,diabetes,GDPPR,314902007,Type II diabetes mellitus with peripheral angiopathy
covariate_comorbidities,diabetes,GDPPR,310425007,Diabetes monitoring invitation (procedure)
covariate_comorbidities,diabetes,GDPPR,422099009,Diabetic oculopathy associated with type II diabetes mellitus (disorder)
covariate_comorbidities,diabetes,GDPPR,112991000000101,Lipoatrophic diabetes mellitus without complication (disorder)
covariate_comorbidities,diabetes,GDPPR,770097006,Clinically significant macular edema co-occurrent and due to diabetes mellitus (disorder)
covariate_comorbidities,diabetes,GDPPR,87451000119102,Heel AND/OR midfoot ulcer due to type 2 diabetes mellitus
covariate_comorbidities,diabetes,GDPPR,532411000000102,"Diabetes mellitus, adult onset, with no mention of complication (disorder)"
covariate_comorbidities,diabetes,GDPPR,25412000,Diabetic retinal microaneurysm
covariate_comorbidities,diabetes,GDPPR,420514000,Persistent proteinuria associated with type I diabetes mellitus (disorder)
covariate_comorbidities,diabetes,GDPPR,313436004,Non-insulin-dependent diabetes mellitus without complication
covariate_comorbidities,diabetes,GDPPR,314904008,Type II diabetes mellitus with neuropathic arthropathy
covariate_comorbidities,diabetes,GDPPR,762489000,Acute complication with diabetes mellitus
covariate_comorbidities,diabetes,GDPPR,311782002,Advanced diabetic retinal disease
covariate_comorbidities,diabetes,GDPPR,719216001,Hypoglycemic coma co-occurrent and due to diabetes mellitus type II (disorder)
covariate_comorbidities,diabetes,GDPPR,399866003,Diabetic retinal venous beading (disorder)
covariate_comorbidities,diabetes,GDPPR,313435000,Type I diabetes mellitus without complication
covariate_comorbidities,diabetes,GDPPR,81531005,Diabetes mellitus type 2 in obese (disorder)
covariate_comorbidities,diabetes,GDPPR,399871005,Visually threatening diabetic retinopathy (disorder)
covariate_comorbidities,diabetes,GDPPR,237652003,Insulin resistance - type B (disorder)
covariate_comorbidities,diabetes,GDPPR,190368000,Type I diabetes mellitus with ulcer
covariate_comorbidities,diabetes,GDPPR,200687002,Cellulitis in diabetic foot
covariate_comorbidities,diabetes,GDPPR,104941000119109,Retinal ischemia due to type 1 diabetes mellitus
covariate_comorbidities,diabetes,GDPPR,126534007,Diabetic mixed sensory-motor polyneuropathy
covariate_comorbidities,diabetes,GDPPR,2751001,Fibrocalculous pancreatic diabetes (disorder)
covariate_comorbidities,diabetes,GDPPR,312912001,Diabetic macular edema
covariate_comorbidities,diabetes,GDPPR,472970003,History of diabetes mellitus type 1 (situation)
covariate_comorbidities,diabetes,GDPPR,385041000000108,Diabetes mellitus with multiple complications (disorder)
covariate_comorbidities,diabetes,GDPPR,237608006,"Lipodystrophy, partial, with Rieger anomaly, short stature, and insulinopenic diabetes mellitus (disorder)"
covariate_comorbidities,diabetes,GDPPR,722161008,Diabetic retinal eye exam (procedure)
covariate_comorbidities,diabetes,GDPPR,421750000,Ketoacidosis in type II diabetes mellitus (disorder)
covariate_comorbidities,diabetes,GDPPR,199231005,Pre-existing malnutrition-related diabetes mellitus
covariate_comorbidities,diabetes,GDPPR,421986006,Persistent proteinuria associated with type II diabetes mellitus (disorder)
covariate_comorbidities,diabetes,GDPPR,237599002,Insulin-treated non-insulin-dependent diabetes mellitus
covariate_comorbidities,diabetes,GDPPR,314014002,Ischaemic diabetic maculopathy
covariate_comorbidities,diabetes,GDPPR,193350004,Advanced diabetic maculopathy
covariate_comorbidities,diabetes,GDPPR,422228004,Multiple complications of type I diabetes mellitus (disorder)
covariate_comorbidities,diabetes,GDPPR,49455004,Diabetic polyneuropathy
covariate_comorbidities,diabetes,GDPPR,190389009,Type 2 diabetes mellitus with ulcer
covariate_comorbidities,diabetes,GDPPR,26298008,Diabetic coma with ketoacidosis
covariate_comorbidities,diabetes,GDPPR,1066931000000108,Diabetes monitoring short message service text message third invitation (procedure)
covariate_comorbidities,diabetes,GDPPR,238982009,Diabetic dermopathy
covariate_comorbidities,diabetes,GDPPR,267471001,Diabetes + eye manifestation (& [cataract] or [retinopathy]) (disorder)
covariate_comorbidities,diabetes,GDPPR,308106006,O/E - Left diabetic foot at risk
covariate_comorbidities,diabetes,GDPPR,4855003,Diabetic retinopathy
covariate_comorbidities,diabetes,GDPPR,420422005,Ketoacidosis in diabetes mellitus (disorder)
covariate_comorbidities,diabetes,GDPPR,24481000000101,Type 2 diabetic on diet only (finding)
covariate_comorbidities,diabetes,GDPPR,769244003,Diabetic maculopathy of right eye
covariate_comorbidities,diabetes,GDPPR,421895002,Peripheral circulatory disorder associated with diabetes mellitus (disorder)
covariate_comorbidities,diabetes,GDPPR,724997001,Lumbosacral plexopathy co-occurrent and due to diabetes mellitus (disorder)
covariate_comorbidities,diabetes,GDPPR,420789003,Diabetic retinopathy associated with type I diabetes mellitus (disorder)
covariate_comorbidities,diabetes,GDPPR,441656006,Hyperglycaemic crisis in diabetes mellitus
covariate_comorbidities,diabetes,GDPPR,769183005,Mild nonproliferative diabetic retinopathy of right eye
covariate_comorbidities,diabetes,GDPPR,312904009,Moderate non proliferative diabetic retinopathy
covariate_comorbidities,diabetes,GDPPR,197605007,Nephrotic syndrome in diabetes mellitus
covariate_comorbidities,diabetes,GDPPR,268519009,Diabetic - poor control
covariate_comorbidities,diabetes,GDPPR,10660471000119109,Ulcer of left foot co-occurrent and due to diabetes mellitus type 2 (disorder)
covariate_comorbidities,diabetes,GDPPR,420825003,Gangrene associated with type I diabetes mellitus (disorder)
covariate_comorbidities,diabetes,GDPPR,412752009,Diabetic foot examination declined (context-dependent category)
covariate_comorbidities,diabetes,GDPPR,314010006,Diffuse diabetic maculopathy
covariate_comorbidities,diabetes,GDPPR,170745003,Diabetic on diet only
covariate_comorbidities,diabetes,GDPPR,408413000,O/E - right eye proliferative diabetic retinopathy (context-dependent category)
covariate_comorbidities,diabetes,GDPPR,185757002,Diabetes monitoring second letter (procedure)
covariate_comorbidities,diabetes,GDPPR,771571000000102,History of secondary diabetes mellitus (situation)
covariate_comorbidities,diabetes,GDPPR,769217008,Diabetic macular edema of right eye
covariate_comorbidities,diabetes,GDPPR,769184004,Mild nonproliferative retinopathy of left eye
covariate_comorbidities,diabetes,GDPPR,8801005,Secondary diabetes mellitus
covariate_comorbidities,diabetes,GDPPR,51002006,Diabetes mellitus associated with pancreatic disease
covariate_comorbidities,diabetes,GDPPR,185758007,Diabetes monitoring third letter (procedure)
covariate_comorbidities,diabetes,GDPPR,190412005,Malnutrition-related diabetes mellitus without complications (disorder)
covariate_comorbidities,diabetes,GDPPR,371087003,Diabetic foot ulcer (disorder)
covariate_comorbidities,diabetes,GDPPR,284449005,Congenital total lipodystrophy (disorder)
covariate_comorbidities,diabetes,GDPPR,1491000119102,Diabetic vitreous haemorrhage associated with type II diabetes mellitus
covariate_comorbidities,diabetes,GDPPR,713706002,Polyneuropathy due to type 2 diabetes mellitus
covariate_comorbidities,diabetes,GDPPR,232022001,Proliferative diabetic retinopathy with new vessels elsewhere than on disc
covariate_comorbidities,diabetes,GDPPR,75682002,Diabetes mellitus caused by insulin receptor antibodies (disorder)
covariate_comorbidities,diabetes,GDPPR,1083111000000108,Diabetes monitoring invitation email (procedure)
covariate_comorbidities,diabetes,GDPPR,134395001,Diabetic retinopathy screening
covariate_comorbidities,diabetes,GDPPR,198121000000103,Hypoglycaemic warning impaired (disorder)
covariate_comorbidities,diabetes,GDPPR,237620003,Abnormal metabolic state in diabetes mellitus
covariate_comorbidities,diabetes,GDPPR,238984005,Diabetic rubeosis
covariate_comorbidities,diabetes,GDPPR,140381000119104,Neuropathic toe ulcer due to type 2 diabetes mellitus (disorder)
covariate_comorbidities,diabetes,GDPPR,201250006,Ischaemic ulcer diabetic foot
covariate_comorbidities,diabetes,GDPPR,314771006,Type 1 diabetes mellitus with hypoglycaemic coma
covariate_comorbidities,diabetes,GDPPR,421256007,Ophthalmic complication of malnutrition-related diabetes mellitus (disorder)
covariate_comorbidities,diabetes,GDPPR,238981002,Soft tissue complication of diabetes mellitus
covariate_comorbidities,diabetes,GDPPR,267467004,Diabetes mellitus (& [ketoacidosis]) (disorder)
covariate_comorbidities,diabetes,GDPPR,408539000,Insulin autoimmune syndrome (disorder)
covariate_comorbidities,diabetes,GDPPR,237616002,"Hypogonadism, diabetes mellitus, alopecia, mental retardation and electrocardiographic abnormalities (disorder)"
covariate_comorbidities,diabetes,GDPPR,279291000000109,Diabetes type 1 review (regime/therapy)
covariate_comorbidities,diabetes,GDPPR,237604008,Diabetes mellitus autosomal dominant type II
covariate_comorbidities,diabetes,GDPPR,768792007,Cataract of right eye co-occurrent and due to diabetes mellitus
covariate_comorbidities,diabetes,GDPPR,422088007,Neurologic disorder associated with diabetes mellitus (disorder)
covariate_comorbidities,diabetes,GDPPR,769182000,Preproliferative diabetic retinopathy of left eye
covariate_comorbidities,diabetes,GDPPR,290002008,Unstable type I diabetes mellitus
covariate_comorbidities,diabetes,GDPPR,1066921000000106,Diabetes monitoring short message service text message second invitation (procedure)
covariate_comorbidities,diabetes,GDPPR,314537004,Diabetic optic papillopathy
covariate_comorbidities,diabetes,GDPPR,401110002,Type 1 diabetes mellitus with persistent microalbuminuria (disorder)
covariate_comorbidities,diabetes,GDPPR,312908007,Proliferative diabetic retinopathy - quiescent
covariate_comorbidities,diabetes,GDPPR,23045005,Insulin dependent diabetes mellitus type IA (disorder)
covariate_comorbidities,diabetes,GDPPR,422034002,Diabetic retinopathy associated with type II diabetes mellitus (disorder)
covariate_comorbidities,diabetes,GDPPR,170763003,Diabetic - good control
covariate_comorbidities,diabetes,GDPPR,420486006,Exudative maculopathy associated with type I diabetes mellitus (disorder)
covariate_comorbidities,diabetes,GDPPR,232020009,Diabetic maculopathy
covariate_comorbidities,diabetes,GDPPR,73211009,Diabetes mellitus
covariate_comorbidities,diabetes,GDPPR,413184002,Fibrocalculous pancreatopathy without complication (disorder)
covariate_comorbidities,diabetes,GDPPR,703137001,Type I diabetes mellitus in remission (disorder)
covariate_comorbidities,diabetes,GDPPR,420715001,Persistent microalbuminuria associated with type II diabetes mellitus (disorder)
covariate_comorbidities,diabetes,GDPPR,422014003,Disorder associated with type II diabetes melliltus (disorder)
covariate_comorbidities,diabetes,GDPPR,190416008,Steroid-induced diabetes mellitus without complication (disorder)
covariate_comorbidities,diabetes,GDPPR,140391000119101,Ulcer of toe due to type 2 diabetes mellitus (disorder)
covariate_comorbidities,diabetes,GDPPR,309426007,Diabetic glomerulopathy
covariate_comorbidities,diabetes,GDPPR,190388001,Type II diabetes mellitus with multiple complications
covariate_comorbidities,diabetes,GDPPR,74627003,Diabetic complication
covariate_comorbidities,diabetes,GDPPR,773001000000103,Symptomatic diabetic peripheral neuropathy (disorder)
covariate_comorbidities,diabetes,GDPPR,236499007,Microalbuminuric diabetic nephropathy
covariate_comorbidities,diabetes,GDPPR,422275004,Gangrene associated with diabetes mellitus (disorder)
covariate_comorbidities,diabetes,GDPPR,33559001,Pineal hyperplasia AND diabetes mellitus syndrome (disorder)
covariate_comorbidities,diabetes,GDPPR,769221001,Clinically significant macular edema of right eye co-occurrent and due to diabetes mellitus (disorder)
covariate_comorbidities,diabetes,GDPPR,609572000,"Maturity-onset diabetes of the young, type 5 (disorder)"
covariate_comorbidities,diabetes,GDPPR,390850007,O/E - no right diabetic retinopathy (context-dependent category)
covariate_comorbidities,diabetes,GDPPR,713705003,Polyneuropathy due to type 1 diabetes mellitus
covariate_comorbidities,diabetes,GDPPR,193349004,Preproliferative diabetic retinopathy
covariate_comorbidities,diabetes,GDPPR,419100001,Infection of foot associated with diabetes (disorder)
covariate_comorbidities,diabetes,GDPPR,395204000,Hyperosmolar non-ketotic state in type 2 diabetes mellitus (disorder)
covariate_comorbidities,diabetes,GDPPR,420270002,Ketoacidosis in type I diabetes mellitus (disorder)
covariate_comorbidities,diabetes,GDPPR,314011005,Focal diabetic maculopathy
covariate_comorbidities,diabetes,GDPPR,335621000000101,Maternally inherited diabetes mellitus (disorder)
covariate_comorbidities,diabetes,GDPPR,310505005,Diabetic hyperosmolar non-ketotic state
covariate_comorbidities,diabetes,GDPPR,70694009,Diabetes mellitus AND insipidus with optic atrophy AND deafness (disorder)
covariate_comorbidities,diabetes,GDPPR,237627000,Pregnancy and type 2 diabetes mellitus (disorder)
covariate_comorbidities,diabetes,GDPPR,361216007,Diabetic femoral mononeuropathy
covariate_comorbidities,diabetes,GDPPR,201723002,Diabetic hand syndrome
covariate_comorbidities,diabetes,GDPPR,731000119105,Chronic kidney disease stage 3 associated with type 2 diabetes mellitus
covariate_comorbidities,diabetes,GDPPR,713702000,Gastroparesis due to type 1 diabetes mellitus
covariate_comorbidities,diabetes,GDPPR,658011000000104,Diabetes mellitus with other specified manifestation (disorder)
covariate_comorbidities,diabetes,GDPPR,713703005,Gastroparesis due to type 2 diabetes mellitus (disorder)
covariate_comorbidities,diabetes,GDPPR,236500003,Clinical diabetic nephropathy
covariate_comorbidities,diabetes,GDPPR,199230006,"Pre-existing diabetes mellitus, non-insulin-dependent"
covariate_comorbidities,diabetes,GDPPR,185756006,Diabetes monitoring first letter (procedure)
covariate_comorbidities,diabetes,GDPPR,127014009,Diabetic peripheral angiopathy
covariate_comorbidities,diabetes,GDPPR,190331003,"Diabetes mellitus, adult onset, with hyperosmolar coma"
covariate_comorbidities,diabetes,GDPPR,279321000000104,Diabetes type 2 review (regime/therapy)
covariate_comorbidities,diabetes,GDPPR,237613005,Hyperproinsulinemia (disorder)
covariate_comorbidities,diabetes,GDPPR,190406000,Malnutrition-related diabetes mellitus with ketoacidosis
covariate_comorbidities,diabetes,GDPPR,190407009,Malnutrition-related diabetes mellitus with renal complications (disorder)
covariate_comorbidities,diabetes,GDPPR,1066911000000100,Diabetes monitoring short message service text message first invitation (procedure)
covariate_comorbidities,diabetes,GDPPR,237601000,Secondary endocrine diabetes mellitus (disorder)
covariate_comorbidities,diabetes,GDPPR,769181007,Preproliferative retinopathy of right eye co-occurrent and due to diabetes mellitus (disorder)
covariate_comorbidities,diabetes,GDPPR,422126006,Hyperosmolar coma associated with diabetes mellitus (disorder)
covariate_comorbidities,diabetes,GDPPR,24471000000103,Type 2 diabetic on insulin (finding)
covariate_comorbidities,diabetes,GDPPR,303059007,Postpancreatectomy hypoinsulinemia (disorder)
covariate_comorbidities,diabetes,GDPPR,422183001,Skin ulcer associated with diabetes mellitus (disorder)
covariate_comorbidities,diabetes,GDPPR,413183008,Diabetes mellitus caused by non-steroid drugs without complication (disorder)
covariate_comorbidities,diabetes,GDPPR,761000119102,Diabetic dyslipidemia associated with type 2 diabetes mellitus
covariate_comorbidities,diabetes,GDPPR,190372001,Type I diabetes mellitus maturity onset
covariate_comorbidities,diabetes,GDPPR,769186002,Moderate nonproliferative diabetic retinopathy of left eye
covariate_comorbidities,diabetes,GDPPR,420918009,Mononeuropathy associated with type I diabetes mellitus (disorder)
covariate_comorbidities,diabetes,GDPPR,1110921000000100,Quality and Outcomes Framework diabetes mellitus quality indicator-related care invitation (procedure)
covariate_comorbidities,diabetes,GDPPR,390855002,O/E - diabetic maculopathy absent both eyes (context-dependent category)
covariate_comorbidities,diabetes,GDPPR,609561005,Maturity-onset diabetes of the young (disorder)
covariate_comorbidities,diabetes,GDPPR,421365002,Peripheral circulatory disorder associated with type I diabetes mellitus (disorder)
covariate_comorbidities,diabetes,GDPPR,414894003,O/E - left eye stable treated proliferative diabetic retinopathy (context-dependent category)
covariate_comorbidities,diabetes,GDPPR,429729007,Diabetic education completed (situation)
covariate_comorbidities,diabetes,GDPPR,408540003,Diabetes mellitus caused by non-steroid drugs (disorder)
covariate_comorbidities,diabetes,GDPPR,1511000119107,Diabetic peripheral neuropathy associated with type II diabetes mellitus
covariate_comorbidities,diabetes,GDPPR,190447002,Steroid-induced diabetes (disorder)
covariate_comorbidities,diabetes,GDPPR,312903003,Mild non proliferative diabetic retinopathy
covariate_comorbidities,diabetes,GDPPR,472969004,History of diabetes mellitus type 2 (situation)
covariate_comorbidities,diabetes,GDPPR,267604001,Myasthenic syndrome due to diabetic amyotrophy
covariate_comorbidities,diabetes,GDPPR,609563008,Pre-existing diabetes mellitus in pregnancy (disorder)
covariate_comorbidities,diabetes,GDPPR,43959009,Diabetic cataract
covariate_comorbidities,diabetes,GDPPR,314903002,Non-insulin dependent diabetes mellitus with arthropathy
covariate_comorbidities,diabetes,GDPPR,312907002,Proliferative diabetic retinopathy - high risk
covariate_comorbidities,diabetes,GDPPR,724810001,Radiculoplexoneuropathy due to diabetes mellitus (disorder)
covariate_comorbidities,diabetes,GDPPR,193183000,Acute painful diabetic neuropathy
covariate_comorbidities,diabetes,GDPPR,237621004,Diabetic severe hyperglycemia
covariate_comorbidities,diabetes,GDPPR,894741000000107,Hypoglycaemic warning absent (disorder)
covariate_comorbidities,diabetes,GDPPR,408414006,O/E - left eye proliferative diabetic retinopathy (context-dependent category)
covariate_comorbidities,diabetes,GDPPR,472972006,History of autosomal dominant diabetes mellitus
covariate_comorbidities,diabetes,GDPPR,424736006,Diabetic peripheral neuropathy (disorder)
covariate_comorbidities,diabetes,GDPPR,421075007,Ketoacidotic coma in type I diabetes mellitus (disorder)
covariate_comorbidities,diabetes,GDPPR,185760009,Diabetes monitoring telephone invite (procedure)
covariate_comorbidities,diabetes,GDPPR,170747006,Diabetic on insulin
covariate_comorbidities,diabetes,GDPPR,791000119109,Angina associated with type II diabetes mellitus
covariate_comorbidities,diabetes,GDPPR,237618001,Insulin-dependent diabetes mellitus secretory diarrhea syndrome (disorder)
covariate_comorbidities,diabetes,GDPPR,414910007,O/E - right eye stable treated proliferative diabetic retinopathy (context-dependent category)
covariate_comorbidities,diabetes,GDPPR,230579006,Diabetic thoracic radiculopathy
covariate_comorbidities,diabetes,GDPPR,390834004,Non proliferative diabetic retinopathy (disorder)
covariate_comorbidities,diabetes,GDPPR,385051000000106,Pre-existing diabetes mellitus (disorder)
covariate_comorbidities,diabetes,GDPPR,713704004,Gastroparesis due to diabetes mellitus (disorder)
covariate_comorbidities,diabetes,GDPPR,190369008,Type 1 diabetes mellitus with gangrene
covariate_comorbidities,diabetes,GDPPR,127013003,Diabetic renal disease
covariate_comorbidities,diabetes,GDPPR,230576004,Diabetic asymmetric polyneuropathy
covariate_comorbidities,diabetes,GDPPR,426705001,Diabetes mellitus associated with cystic fibrosis (disorder)
covariate_comorbidities,diabetes,GDPPR,127011001,Diabetic sensory polyneuropathy
covariate_comorbidities,diabetes,GDPPR,420279001,Renal disorder associated with type II diabetes mellitus (disorder)
covariate_comorbidities,diabetes,GDPPR,5969009,Diabetes mellitus associated with genetic syndrome (disorder)
covariate_comorbidities,diabetes,GDPPR,190410002,Malnutrition-related diabetes mellitus with peripheral circulatory complications
covariate_comorbidities,diabetes,GDPPR,190330002,"Diabetes mellitus, juvenile type, with hyperosmolar coma"
covariate_comorbidities,diabetes,GDPPR,408411003,O/E - right eye preproliferative diabetic retinopathy (context-dependent category)
covariate_comorbidities,diabetes,GDPPR,190411003,Malnutrition-related diabetes mellitus with multiple complications
covariate_comorbidities,diabetes,GDPPR,707221002,Diabetic glomerulosclerosis
covariate_comorbidities,diabetes,GDPPR,408397002,Diabetic foot examination not indicated (context-dependent category)
covariate_comorbidities,diabetes,GDPPR,421779007,Exudative maculopathy associated with type II diabetes mellitus (disorder)
covariate_comorbidities,diabetes,GDPPR,59276001,Proliferative diabetic retinopathy
covariate_comorbidities,diabetes,GDPPR,754461000000105,Referral to type I diabetes structured education programme (procedure)
covariate_comorbidities,diabetes,GDPPR,50620007,Diabetic autonomic neuropathy
covariate_comorbidities,diabetes,GDPPR,739681000,Diabetic oculopathy due to type I diabetes mellitus
covariate_comorbidities,diabetes,GDPPR,408409007,O/E - right eye background diabetic retinopathy (context-dependent category)
covariate_comorbidities,diabetes,GDPPR,232021008,Proliferative diabetic retinopathy new vessels on disc
covariate_comorbidities,diabetes,GDPPR,1067201000000106,Eating disorder co-occurrent with diabetes mellitus type 1 (disorder)
covariate_comorbidities,diabetes,GDPPR,25093002,Diabetic oculopathy
covariate_comorbidities,diabetes,GDPPR,111556005,Diabetic ketoacidosis without coma
covariate_comorbidities,diabetes,GDPPR,111307005,Leprechaunism syndrome (disorder)
covariate_comorbidities,diabetes,GDPPR,312910009,Diabetic vitreous hemorrhage
covariate_comorbidities,diabetes,GDPPR,408412005,O/E - left eye preproliferative diabetic retinopathy (context-dependent category)
covariate_comorbidities,diabetes,GDPPR,127012008,Lipoatrophic diabetes
covariate_comorbidities,diabetes,GDPPR,237619009,Diabetes-deafness syndrome maternally transmitted (disorder)
covariate_comorbidities,diabetes,GDPPR,83728000,"Polyglandular autoimmune syndrome, type 2 (disorder)"
covariate_comorbidities,diabetes,GDPPR,763325000,Insulin resistance (disorder)
covariate_comorbidities,diabetes,GDPPR,1109921000000106,Quality and Outcomes Framework quality indicator-related care invitation (procedure)
covariate_comorbidities,diabetes,GDPPR,703138006,Type II diabetes mellitus in remission (disorder)
covariate_comorbidities,diabetes,GDPPR,421326000,Neurologic disorder associated with type II diabetes mellitus (disorder)
covariate_comorbidities,diabetes,GDPPR,238983004,Diabetic thick skin syndrome
covariate_comorbidities,diabetes,GDPPR,530558861000132104,Atypical diabetes mellitus (disorder)
covariate_comorbidities,diabetes,GDPPR,314893005,Type 1 diabetes mellitus with arthropathy
covariate_comorbidities,diabetes,GDPPR,193141005,Diabetic mononeuritis multiplex
covariate_comorbidities,diabetes,GDPPR,368601000119102,Hyperosmolar coma due to secondary diabetes mellitus
covariate_comorbidities,diabetes,GDPPR,367991000119101,Hyperglycemia due to type 1 diabetes mellitus
covariate_comorbidities,diabetes,GDPPR,31211000119101,Peripheral vascular disease due to type I diabetes
covariate_comorbidities,diabetes,GDPPR,237612000,"Photomyoclonus, diabetes mellitus, deafness, nephropathy and cerebral dysfunction (disorder)"
covariate_comorbidities,diabetes,GDPPR,421920002,Diabetic cataract associated with type I diabetes mellitus (disorder)
covariate_comorbidities,diabetes,GDPPR,421631007,Gangrene associated with type II diabetes mellitus (disorder)
covariate_comorbidities,diabetes,GDPPR,44054006,Diabetes mellitus type II
covariate_comorbidities,diabetes,GDPPR,193489006,Diabetic iritis
covariate_comorbidities,diabetes,GDPPR,421893009,Renal disorder associated with type I diabetes mellitus (disorder)
covariate_comorbidities,diabetes,GDPPR,312906006,Proliferative diabetic retinopathy - non high risk
covariate_comorbidities,diabetes,GDPPR,48951005,Bullosis diabeticorum
covariate_comorbidities,diabetes,GDPPR,230575000,Diabetic chronic painful polyneuropathy
covariate_comorbidities,diabetes,GDPPR,237617006,"Megaloblastic anemia, thiamine-responsive, with diabetes mellitus and sensorineural deafness (disorder)"
covariate_comorbidities,diabetes,GDPPR,426875007,Latent autoimmune diabetes mellitus in adult (disorder)
covariate_comorbidities,diabetes,GDPPR,140521000119107,Ischemic foot ulcer due to type 2 diabetes mellitus (disorder)
covariate_comorbidities,diabetes,GDPPR,390854003,O/E - diabetic maculopathy present both eyes (context-dependent category)
covariate_comorbidities,diabetes,GDPPR,769222008,Clinically significant macular oedema of left eye co-occurrent and due to diabetes mellitus
covariate_comorbidities,diabetes,GDPPR,420662003,Coma associated with diabetes mellitus (disorder)
covariate_comorbidities,diabetes,GDPPR,399865004,Very severe proliferative diabetic retinopathy (disorder)
covariate_comorbidities,diabetes,GDPPR,703136005,Diabetes mellitus in remission (disorder)
covariate_comorbidities,diabetes,GDPPR,401191002,Diabetic foot examination (regime/therapy)
covariate_comorbidities,diabetes,GDPPR,106281000119103,Pre-existing diabetes mellitus in mother complicating childbirth (disorder)
covariate_comorbidities,diabetes,GDPPR,232023006,Diabetic traction retinal detachment
covariate_comorbidities,diabetes,GDPPR,237622006,Poor glycemic control (disorder)
covariate_comorbidities,diabetes,GDPPR,230577008,Diabetic mononeuropathy
covariate_comorbidities,diabetes,GDPPR,420683009,Neurological disorder associated with malnutrition-related diabetes mellitus (disorder)
covariate_comorbidities,diabetes,GDPPR,390853009,O/E - no left diabetic retinopathy (context-dependent category)
covariate_comorbidities,diabetes,GDPPR,312905005,Severe non proliferative diabetic retinopathy
covariate_comorbidities,diabetes,GDPPR,308105005,O/E - Right diabetic foot at risk
covariate_comorbidities,diabetes,GDPPR,237633009,Hypoglycemic state in diabetes
covariate_comorbidities,diabetes,GDPPR,201724008,Diabetic Charcot's arthropathy
covariate_comorbidities,diabetes,GDPPR,62260007,Pretibial pigmental patches in diabetes
covariate_comorbidities,diabetes,GDPPR,769219006,Macular edema due to type 1 diabetes mellitus
covariate_comorbidities,diabetes,GDPPR,769185003,Moderate non-proliferative diabetic retinopathy of right eye
covariate_comorbidities,diabetes,GDPPR,39058009,Diabetic amyotrophy
covariate_comorbidities,diabetes,GDPPR,705072004,Diabetes monitoring invitation by short message service text messaging (procedure)
covariate_comorbidities,diabetes,GDPPR,408410002,O/E - left eye background diabetic retinopathy (context-dependent category)
covariate_comorbidities,diabetes,GDPPR,157141000119108,Proteinuria due to type 2 diabetes mellitus
covariate_comorbidities,diabetes,GDPPR,110181000119105,Peripheral sensory neuropathy due to type 2 diabetes mellitus
covariate_comorbidities,diabetes,GDPPR,75524006,Malnutrition related diabetes mellitus
covariate_comorbidities,diabetes,GDPPR,417677008,O/E - sight threatening diabetic retinopathy (context-dependent category)
covariate_comorbidities,diabetes,GDPPR,170766006,Loss of hypoglycemic warning
covariate_comorbidities,diabetes,GDPPR,754121000000107,Type II diabetic dietary review (regime/therapy)
covariate_comorbidities,diabetes,GDPPR,422166005,Peripheral circulatory disorder associated with type II diabetes mellitus (disorder)
covariate_comorbidities,diabetes,GDPPR,367261000119100,Hyperosmolarity co-occurrent and due to drug induced diabetes mellitus (disorder)
covariate_comorbidities,diabetes,GDPPR,769245002,Disorder of left macula co-occurrent and due to diabetes mellitus (disorder)
covariate_comorbidities,diabetes,GDPPR,399864000,Diabetic macular edema not clinically significant (disorder)
covariate_comorbidities,diabetes,GDPPR,237632004,Hypoglycemic event in diabetes (disorder)
covariate_comorbidities,diabetes,GDPPR,280137006,Diabetic foot
covariate_comorbidities,diabetes,GDPPR,445353002,Brittle type II diabetes mellitus (finding)
covariate_comorbidities,diabetes,GDPPR,312909004,Proliferative diabetic retinopathy - iris neovascularisation
covariate_comorbidities,diabetes,GDPPR,198131000000101,Hypoglycaemic warning good (disorder)
covariate_comorbidities,diabetes,GDPPR,443694000,Type II diabetes mellitus uncontrolled (finding)
covariate_comorbidities,diabetes,GDPPR,775841000000109,Diabetic retinopathy detected by national screening programme (disorder)
covariate_comorbidities,diabetes,GDPPR,768794008,Bilateral diabetic cataracts
covariate_comorbidities,diabetes,GDPPR,71771000119100,Type 1 diabetes mellitus with neuropathic arthropathy
covariate_comorbidities,diabetes,GDPPR,230572002,Diabetic neuropathy
covariate_comorbidities,diabetes,GDPPR,193185007,Asymptomatic diabetic neuropathy
covariate_comorbidities,diabetes,GDPPR,46635009,Insulin dependent diabetes mellitus
covariate_comorbidities,diabetes,GDPPR,314015001,Mixed diabetic maculopathy
covariate_comorbidities,diabetes,GDPPR,754101000000103,Type I diabetic dietary review (regime/therapy)
covariate_comorbidities,diabetes,GDPPR,769218003,Macular oedema of left eye co-occurrent and due to diabetes mellitus
covariate_comorbidities,diabetes,GDPPR,201251005,Neuropathic diabetic ulcer - foot
covariate_comorbidities,diabetes,GDPPR,237610008,"Acrorenal field defect, ectodermal dysplasia, and lipoatrophic diabetes (disorder)"
covariate_comorbidities,diabetes,GDPPR,420996007,Coma associated with malnutrition-related diabetes mellitus (disorder)
covariate_comorbidities,diabetes,GDPPR,420756003,Diabetic cataract associated with type II diabetes mellitus (disorder)
covariate_comorbidities,diabetes,GDPPR,5368009,Drug-induced diabetes mellitus (disorder)
covariate_comorbidities,diabetes,GDPPR,724136006,Diabetic mastopathy
covariate_comorbidities,diabetes,GDPPR,609562003,"Maturity onset diabetes of the young, type 1 (disorder)"
covariate_comorbidities,diabetes,GDPPR,111552007,Diabetes mellitus without complication
covariate_comorbidities,diabetes,GDPPR,185759004,Diabetes monitoring verbal invite (procedure)
covariate_comorbidities,diabetes,GDPPR,420436000,Mononeuropathy associated with type II diabetes mellitus (disorder)
covariate_comorbidities,diabetes,GDPPR,398140007,Somogyi phenomenon (disorder)
covariate_comorbidities,diabetes,GDPPR,230574001,Diabetic acute painful polyneuropathy
covariate_comorbidities,diabetes,HES-APC,M142,Diabetic arthropathy
covariate_comorbidities,diabetes,HES-APC,G632,Diabetic polyneuropathy
covariate_comorbidities,diabetes,HES-APC,E12,Malnutrition-related diabetes mellitus
covariate_comorbidities,diabetes,HES-APC,H360,Diabetic retinopathy
covariate_comorbidities,diabetes,HES-APC,G590,Diabetic mononeuropathy
covariate_comorbidities,diabetes,HES-APC,E13,Other specified diabetes mellitus
covariate_comorbidities,diabetes,HES-APC,O240,"Diabetes mellitus in pregnancy: Pre-existing diabetes mellitus, insulin-dependent"
covariate_comorbidities,diabetes,HES-APC,H280,Diabetic cataract
covariate_comorbidities,diabetes,HES-APC,E10,Insulin-dependent diabetes mellitus
covariate_comorbidities,diabetes,HES-APC,O243,"Diabetes mellitus in pregnancy: Pre-existing diabetes mellitus, unspecified"
covariate_comorbidities,diabetes,HES-APC,O241,"Diabetes mellitus in pregnancy: Pre-existing diabetes mellitus, non-insulin-dependent"
covariate_comorbidities,diabetes,HES-APC,E11,Non-insulin-dependent diabetes mellitus
covariate_comorbidities,diabetes,HES-APC,E14,Unspecified diabetes mellitus
covariate_comorbidities,diabetes,HES-APC,O242,Diabetes mellitus in pregnancy: Pre-existing malnutrition-related diabetes mellitus
covariate_comorbidities,diabetes,HES-APC,N083,Glomerular disorders in diabetes mellitus
covariate_comorbidities,hypertension,GDPPR,66052004,Benign hypertensive heart AND renal disease
covariate_comorbidities,hypertension,GDPPR,846371000000103,Stage 2 hypertension (National Institute for Health and Clinical Excellence 2011) (disorder)
covariate_comorbidities,hypertension,GDPPR,129171000119106,Chronic kidney disease stage 3 due to hypertension
covariate_comorbidities,hypertension,GDPPR,863191000000102,Nocturnal hypertension (disorder)
covariate_comorbidities,hypertension,GDPPR,471521000000108,[X]Hypertensive diseases (disorder)
covariate_comorbidities,hypertension,GDPPR,194785008,Secondary benign hypertension
covariate_comorbidities,hypertension,GDPPR,36221001,Benign hypertensive heart disease
covariate_comorbidities,hypertension,GDPPR,194783001,Secondary malignant renovascular hypertension
covariate_comorbidities,hypertension,GDPPR,89242004,Malignant secondary hypertension
covariate_comorbidities,hypertension,GDPPR,194781004,Hypertensive heart and renal disease with both (congestive) heart failure and renal failure
covariate_comorbidities,hypertension,GDPPR,5148006,Hypertensive heart disease with congestive heart failure
covariate_comorbidities,hypertension,GDPPR,194779001,Hypertensive heart and renal disease with (congestive) heart failure
covariate_comorbidities,hypertension,GDPPR,38341003,Hypertensive disease
covariate_comorbidities,hypertension,GDPPR,706882009,Hypertensive crisis (disorder)
covariate_comorbidities,hypertension,GDPPR,401047000,Hypertension treatment refused (context-dependent category)
covariate_comorbidities,hypertension,GDPPR,10725009,Benign hypertension
covariate_comorbidities,hypertension,GDPPR,194788005,Hypertension secondary to endocrine disorders
covariate_comorbidities,hypertension,GDPPR,169465000,Hypertension induced by oral contraceptive pill
covariate_comorbidities,hypertension,GDPPR,712832005,Supine hypertension
covariate_comorbidities,hypertension,GDPPR,371125006,Labile essential hypertension (disorder)
covariate_comorbidities,hypertension,GDPPR,275516004,Cardiomegaly - hypertensive
covariate_comorbidities,hypertension,GDPPR,194767001,Benign hypertensive heart disease with congestive cardiac failure
covariate_comorbidities,hypertension,GDPPR,132721000119104,Hypertensive emergency
covariate_comorbidities,hypertension,GDPPR,428163005,Hypertensive left ventricular hypertrophy (disorder)
covariate_comorbidities,hypertension,GDPPR,48146000,Diastolic hypertension
covariate_comorbidities,hypertension,GDPPR,77970009,Benign hypertensive heart disease without congestive heart failure
covariate_comorbidities,hypertension,GDPPR,73410007,Benign secondary renovascular hypertension
covariate_comorbidities,hypertension,GDPPR,123799005,Renovascular hypertension
covariate_comorbidities,hypertension,GDPPR,31992008,Secondary hypertension
covariate_comorbidities,hypertension,GDPPR,64715009,Hypertensive heart disease
covariate_comorbidities,hypertension,GDPPR,59621000,Essential hypertension
covariate_comorbidities,hypertension,GDPPR,908651000000101,Stage 1 hypertension (National Institute for Health and Clinical Excellence 2011) with evidence of end organ damage (disorder)
covariate_comorbidities,hypertension,GDPPR,56218007,Systolic hypertension
covariate_comorbidities,hypertension,GDPPR,36315003,Malignant hypertensive heart disease without congestive heart failure
covariate_comorbidities,hypertension,GDPPR,194791005,Hypertension secondary to drug
covariate_comorbidities,hypertension,GDPPR,1201005,Benign essential hypertension
covariate_comorbidities,hypertension,GDPPR,86234004,Hypertensive heart AND renal disease
covariate_comorbidities,hypertension,GDPPR,443402002,Lifestyle education regarding hypertension (procedure)
covariate_comorbidities,hypertension,GDPPR,66610008,Malignant hypertensive heart AND renal disease
covariate_comorbidities,hypertension,GDPPR,908631000000108,Stage 1 hypertension (National Institute for Health and Clinical Excellence 2011) without evidence of end organ damage (disorder)
covariate_comorbidities,hypertension,GDPPR,129151000119102,Chronic kidney disease stage 4 due to hypertension
covariate_comorbidities,hypertension,GDPPR,54225002,Malignant hypertensive heart disease
covariate_comorbidities,hypertension,GDPPR,407567007,Patient on maximal tolerated antihypertensive therapy (finding)
covariate_comorbidities,hypertension,GDPPR,83105008,Malignant hypertensive heart disease with congestive heart failure
covariate_comorbidities,hypertension,GDPPR,843841000000109,Severe hypertension (National Institute for Health and Clinical Excellence 2011) (disorder)
covariate_comorbidities,hypertension,GDPPR,78975002,Malignant essential hypertension
covariate_comorbidities,hypertension,GDPPR,762463000,Diastolic hypertension co-occurrent with systolic hypertension (disorder)
covariate_comorbidities,hypertension,GDPPR,845891000000103,Hypertension resistant to drug therapy (disorder)
covariate_comorbidities,hypertension,GDPPR,194780003,Hypertensive heart and renal disease with renal failure
covariate_comorbidities,hypertension,GDPPR,70272006,Malignant hypertension
covariate_comorbidities,hypertension,GDPPR,843821000000102,Stage 1 hypertension (National Institute for Health and Clinical Excellence 2011) (disorder)
covariate_comorbidities,hypertension,GDPPR,443482000,Hypertensive urgency (disorder)
covariate_comorbidities,hypertension,GDPPR,198954000,"Renal hypertension complicating pregnancy, childbirth and the puerperium with postnatal complication"
covariate_comorbidities,hypertension,GDPPR,198945003,"Benign essential hypertension complicating pregnancy, childbirth and the puerperium - delivered with postnatal complication"
covariate_comorbidities,hypertension,GDPPR,198944004,"Benign essential hypertension complicating pregnancy, childbirth and the puerperium - delivered"
covariate_comorbidities,hypertension,GDPPR,198953006,"Renal hypertension complicating pregnancy, childbirth and the puerperium - not delivered"
covariate_comorbidities,hypertension,GDPPR,198942000,"Benign essential hypertension complicating pregnancy, childbirth and the puerperium"
covariate_comorbidities,hypertension,GDPPR,67359005,Pre-eclampsia added to pre-existing hypertension
covariate_comorbidities,hypertension,GDPPR,199000005,Pre-eclampsia or eclampsia with pre-existing hypertension - delivered with postnatal complication
covariate_comorbidities,hypertension,GDPPR,199005000,"Pre-existing hypertension complicating pregnancy, childbirth and puerperium"
covariate_comorbidities,hypertension,GDPPR,199007008,"Pre-existing hypertensive heart and renal disease complicating pregnancy, childbirth and the puerperium"
covariate_comorbidities,hypertension,GDPPR,198952001,"Renal hypertension complicating pregnancy, childbirth and the puerperium - delivered with postnatal complication"
covariate_comorbidities,hypertension,GDPPR,199008003,"Pre-existing secondary hypertension complicating pregnancy, childbirth and puerperium"
covariate_comorbidities,hypertension,GDPPR,198946002,"Benign essential hypertension complicating pregnancy, childbirth and the puerperium - not delivered"
covariate_comorbidities,hypertension,GDPPR,199006004,"Pre-existing hypertensive heart disease complicating pregnancy, childbirth and the puerperium"
covariate_comorbidities,hypertension,GDPPR,199003007,Pre-eclampsia or eclampsia with pre-existing hypertension with postnatal complication
covariate_comorbidities,hypertension,GDPPR,198951008,"Renal hypertension complicating pregnancy, childbirth and the puerperium - delivered"
covariate_comorbidities,hypertension,GDPPR,86041002,Pre-existing hypertension in obstetric context
covariate_comorbidities,hypertension,GDPPR,198949009,"Renal hypertension complicating pregnancy, childbirth and the puerperium"
covariate_comorbidities,hypertension,GDPPR,198947006,"Benign essential hypertension complicating pregnancy, childbirth and the puerperium with postnatal complication"
covariate_comorbidities,hypertension,GDPPR,8762007,Chronic hypertension in obstetric context
covariate_comorbidities,hypertension,GDPPR,198997005,Pre-eclampsia or eclampsia with pre-existing hypertension
covariate_comorbidities,hypertension,GDPPR,199002002,Pre-eclampsia or eclampsia with pre-existing hypertension - not delivered
covariate_comorbidities,hypertension,GDPPR,198999008,Pre-eclampsia or eclampsia with pre-existing hypertension - delivered
covariate_comorbidities,hypertension,HES-APC,I11,Hypertensive heart disease
covariate_comorbidities,hypertension,HES-APC,I12,Hypertensive renal disease
covariate_comorbidities,hypertension,HES-APC,I15,Secondary hypertension
covariate_comorbidities,hypertension,HES-APC,I10,Essential (primary) hypertension
covariate_comorbidities,hypertension,HES-APC,I13,Hypertensive heart and renal disease
covariate_comorbidities,arrhythmia,HES-APC,I460,Cardiac arrest with successful resuscitation
covariate_comorbidities,arrhythmia,HES-APC,I461,"Sudden cardiac death, so described"
covariate_comorbidities,arrhythmia,HES-APC,I472,Ventricular tachycardia
covariate_comorbidities,arrhythmia,HES-APC,I490,Ventricular fibrillation and flutter
covariate_comorbidities,arrhythmia,HES-APC,I469,"Cardiac arrest, unspecified"
covariate_comorbidities,arrhythmia,HES-APC,I470,Re-entry ventricular arrhythmia
covariate_comorbidities,obesity,GDPPR,914731000000107,Obese class II (body mass index 35.0 - 39.9) (finding)
covariate_comorbidities,obesity,GDPPR,921051000000109,Child body mass index greater than 99.6th centile (finding)
covariate_comorbidities,obesity,GDPPR,921031000000102,Child body mass index 98.1st-99.6th centile (finding)
covariate_comorbidities,obesity,GDPPR,914721000000105,Obese class I (body mass index 30.0 - 34.9) (finding)
covariate_comorbidities,obesity,GDPPR,914741000000103,Obese class III (body mass index equal to or greater than 40.0) (finding)
covariate_comorbidities,obesity,GDPPR,162864005,Body mass index 30+ - obesity (finding)
covariate_comorbidities,obesity,GDPPR,408512008,Body mass index 40+ - severely obese (finding)
covariate_comorbidities,obesity,HES-APC,E66,Diagnosis of obesity
covariate_comorbidities,copd,GDPPR,63480004,Chronic bronchitis (disorder)
covariate_comorbidities,copd,GDPPR,10692761000119107,Asthma-chronic obstructive pulmonary disease overlap syndrome (disorder)
covariate_comorbidities,copd,GDPPR,313296004,Mild chronic obstructive pulmonary disease (disorder)
covariate_comorbidities,copd,GDPPR,293991000000106,Very severe chronic obstructive pulmonary disease (disorder)
covariate_comorbidities,copd,GDPPR,74417001,Mucopurulent chronic bronchitis (disorder)
covariate_comorbidities,copd,GDPPR,135836000,End stage chronic obstructive airways disease (disorder)
covariate_comorbidities,copd,GDPPR,195957006,Chronic bullous emphysema (disorder)
covariate_comorbidities,copd,GDPPR,195949008,Chronic asthmatic bronchitis (disorder)
covariate_comorbidities,copd,GDPPR,68328006,Centriacinar emphysema (disorder)
covariate_comorbidities,copd,GDPPR,196027008,Toxic bronchiolitis obliterans (disorder)
covariate_comorbidities,copd,GDPPR,13645005,Chronic obstructive lung disease (disorder)
covariate_comorbidities,copd,GDPPR,233674008,Pulmonary emphysema in alpha-1 primary immunodeficiency deficiency (disorder)
covariate_comorbidities,copd,GDPPR,89549007,Catarrhal bronchitis (disorder)
covariate_comorbidities,copd,GDPPR,313299006,Severe chronic obstructive pulmonary disease (disorder)
covariate_comorbidities,copd,GDPPR,66987001,Congenital lobar emphysema (disorder)
covariate_comorbidities,copd,GDPPR,195953005,Mixed simple and mucopurulent chronic bronchitis (disorder)
covariate_comorbidities,copd,GDPPR,233677001,Scar emphysema (disorder)
covariate_comorbidities,copd,GDPPR,16003001,Giant bullous emphysema (disorder)
covariate_comorbidities,copd,GDPPR,195958001,Segmental bullous emphysema (disorder)
covariate_comorbidities,copd,GDPPR,233672007,Byssinosis grade 3 (disorder)
covariate_comorbidities,copd,GDPPR,233675009,Toxic emphysema (disorder)
covariate_comorbidities,copd,GDPPR,32544004,Chronic obliterative bronchiolitis caused by inhalation of chemical fumes AND/OR vapors (disorder)
covariate_comorbidities,copd,GDPPR,52571006,Chronic tracheobronchitis (disorder)
covariate_comorbidities,copd,GDPPR,45145000,Unilateral emphysema (situation)
covariate_comorbidities,copd,GDPPR,196026004,Chronic emphysema caused by chemical fumes (disorder)
covariate_comorbidities,copd,GDPPR,49691004,Occupational bronchitis (disorder)
covariate_comorbidities,copd,GDPPR,4981000,Panacinar emphysema (disorder)
covariate_comorbidities,copd,GDPPR,313297008,Moderate chronic obstructive pulmonary disease (disorder)
covariate_comorbidities,copd,GDPPR,185086009,Chronic obstructive bronchitis (disorder)
covariate_comorbidities,copd,GDPPR,40100001,Obliterative bronchiolitis (disorder)
covariate_comorbidities,copd,GDPPR,61937009,Simple chronic bronchitis (disorder)
covariate_comorbidities,copd,GDPPR,266355005,Bullous emphysema with collapse (disorder)
covariate_comorbidities,copd,GDPPR,360470001,Chronic mucus hypersecretion (disorder)
covariate_comorbidities,copd,GDPPR,195963002,Acute vesicular emphysema (disorder)
covariate_comorbidities,copd,GDPPR,77690003,Interstitial emphysema of lung (disorder)
covariate_comorbidities,copd,GDPPR,866901000000103,Eosinophilic bronchitis (disorder)
covariate_comorbidities,copd,GDPPR,266356006,Atrophic (senile) emphysema (disorder)
covariate_comorbidities,copd,GDPPR,195959009,Zonal bullous emphysema (disorder)
covariate_comorbidities,copd,GDPPR,84409004,Fetid chronic bronchitis (disorder)
covariate_comorbidities,copd,GDPPR,87433001,Pulmonary emphysema (disorder)
covariate_comorbidities,copd,GDPPR,233673002,Drug-induced bronchiolitis obliterans (disorder)
covariate_comorbidities,copd,HES-APC,J44,Other chronic obstructive pulmonary disease
covariate_comorbidities,copd,HES-APC,J43,Emphysema
covariate_comorbidities,copd,HES-APC,J42,Unspecified chronic bronchitis
covariate_comorbidities,copd,HES-APC,J40,Bronchitis not specified as acute or chronic
covariate_comorbidities,copd,HES-APC,J41,Simple and mucopurulent chronic bronchitis
covariate_comorbidities,angina,GDPPR,371806006,Progressive angina (disorder)
covariate_comorbidities,angina,GDPPR,15960381000119109,Angina co-occurrent and due to arteriosclerosis of coronary artery bypass graft (disorder)
covariate_comorbidities,angina,GDPPR,314116003,Post infarct angina (disorder)
covariate_comorbidities,angina,GDPPR,371808007,Recurrent angina status post percutaneous transluminal coronary angioplasty (disorder)
covariate_comorbidities,angina,GDPPR,233821000,New onset angina (disorder)
covariate_comorbidities,angina,GDPPR,61490001,"Angina, class I (disorder)"
covariate_comorbidities,angina,GDPPR,300995000,Exercise-induced angina (disorder)
covariate_comorbidities,angina,GDPPR,371811008,Recurrent angina status post rotational atherectomy (disorder)
covariate_comorbidities,angina,GDPPR,4557003,Preinfarction syndrome (disorder)
covariate_comorbidities,angina,GDPPR,46109009,Subendocardial ischemia (disorder)
covariate_comorbidities,angina,GDPPR,19057007,Status anginosus (disorder)
covariate_comorbidities,angina,GDPPR,371810009,Recurrent angina status post coronary artery bypass graft (disorder)
covariate_comorbidities,angina,GDPPR,21470009,Syncope anginosa (disorder)
covariate_comorbidities,angina,GDPPR,413439005,Acute ischemic heart disease (disorder)
covariate_comorbidities,angina,GDPPR,712866001,Resting ischemia co-occurrent and due to ischemic heart disease (disorder)
covariate_comorbidities,angina,GDPPR,233823002,Silent myocardial ischemia (disorder)
covariate_comorbidities,angina,GDPPR,225566008,Ischemic chest pain (finding)
covariate_comorbidities,angina,GDPPR,371807002,Atypical angina (disorder)
covariate_comorbidities,angina,GDPPR,15960661000119107,Unstable angina co-occurrent and due to arteriosclerosis of coronary artery bypass graft (disorder)
covariate_comorbidities,angina,GDPPR,371809004,Recurrent angina status post coronary stent placement (disorder)
covariate_comorbidities,angina,GDPPR,15960581000119102,Angina co-occurrent and due to arteriosclerosis of autologous vein coronary artery bypass graft (disorder)
covariate_comorbidities,angina,GDPPR,713405002,Subacute ischemic heart disease (disorder)
covariate_comorbidities,angina,GDPPR,25106000,Impending infarction (disorder)
covariate_comorbidities,angina,GDPPR,89323001,"Angina, class IV (disorder)"
covariate_comorbidities,angina,GDPPR,394659003,Acute coronary syndrome (disorder)
covariate_comorbidities,angina,GDPPR,15960141000119102,Angina co-occurrent and due to coronary arteriosclerosis (disorder)
covariate_comorbidities,angina,GDPPR,315025001,Refractory angina (disorder)
covariate_comorbidities,angina,GDPPR,233819005,Stable angina (disorder)
covariate_comorbidities,angina,GDPPR,194823009,Acute coronary insufficiency (disorder)
covariate_comorbidities,angina,GDPPR,414795007,Myocardial ischemia (disorder)
covariate_comorbidities,angina,GDPPR,10971000087107,Myocardial ischemia during surgery (disorder)
covariate_comorbidities,angina,GDPPR,35928006,Nocturnal angina (disorder)
covariate_comorbidities,angina,GDPPR,413838009,Chronic ischemic heart disease (disorder)
covariate_comorbidities,angina,GDPPR,413844008,Chronic myocardial ischemia (disorder)
covariate_comorbidities,angina,GDPPR,194828000,Angina (disorder)
covariate_comorbidities,angina,GDPPR,697976003,Microvascular ischemia of myocardium (disorder)
covariate_comorbidities,angina,GDPPR,41334000,"Angina, class II (disorder)"
covariate_comorbidities,angina,GDPPR,414545008,Ischemic heart disease (disorder)
covariate_comorbidities,angina,GDPPR,87343002,Prinzmetal angina (disorder)
covariate_comorbidities,angina,GDPPR,15960061000119102,Unstable angina co-occurrent and due to coronary arteriosclerosis (disorder)
covariate_comorbidities,angina,GDPPR,85284003,"Angina, class III (disorder)"
covariate_comorbidities,angina,GDPPR,791000119109,Angina associated with type II diabetes mellitus (disorder)
covariate_comorbidities,angina,GDPPR,59021001,Angina decubitus (disorder)
covariate_comorbidities,angina,GDPPR,429559004,Typical angina (disorder)
covariate_comorbidities,angina,GDPPR,703214003,Silent coronary vasospastic disease (disorder)
covariate_comorbidities,angina,GDPPR,413444003,Acute myocardial ischemia (disorder)
covariate_comorbidities,angina,GDPPR,371812001,Recurrent angina status post directional coronary atherectomy (disorder)
covariate_comorbidities,angina,HES-APC,I20,Angina
covariate_comorbidities,myocardial_infarction,GDPPR,15712921000119103,Acute ST segment elevation myocardial infarction of lateral wall (disorder)
covariate_comorbidities,myocardial_infarction,GDPPR,233826005,Acute non-Q wave infarction - anteroseptal (disorder)
covariate_comorbidities,myocardial_infarction,GDPPR,65547006,Acute myocardial infarction of inferolateral wall
covariate_comorbidities,myocardial_infarction,GDPPR,703360004,Subsequent non-ST segment elevation myocardial infarction (disorder)
covariate_comorbidities,myocardial_infarction,GDPPR,194867006,Rupture of papillary muscle as current complication following acute myocardial infarction
covariate_comorbidities,myocardial_infarction,GDPPR,194856005,Subsequent myocardial infarction
covariate_comorbidities,myocardial_infarction,GDPPR,233828006,Acute non-Q wave infarction - anterolateral (disorder)
covariate_comorbidities,myocardial_infarction,GDPPR,194865003,Rupture of cardiac wall without hemopericardium as current complication following acute myocardial infarction
covariate_comorbidities,myocardial_infarction,GDPPR,129574000,Postoperative myocardial infarction
covariate_comorbidities,myocardial_infarction,GDPPR,233829003,Acute Q wave infarction - inferior (disorder)
covariate_comorbidities,myocardial_infarction,GDPPR,428196007,Mixed myocardial ischemia and infarction (disorder)
covariate_comorbidities,myocardial_infarction,GDPPR,161502000,H/O: myocardial infarct at less than 60
covariate_comorbidities,myocardial_infarction,GDPPR,314116003,Post infarct angina
covariate_comorbidities,myocardial_infarction,GDPPR,233847009,Cardiac rupture after acute myocardial infarction
covariate_comorbidities,myocardial_infarction,GDPPR,394710008,First myocardial infarction (disorder)
covariate_comorbidities,myocardial_infarction,GDPPR,194866002,Rupture of chordae tendinae as current complication following acute myocardial infarction
covariate_comorbidities,myocardial_infarction,GDPPR,194858006,Subsequent myocardial infarction of inferior wall
covariate_comorbidities,myocardial_infarction,GDPPR,194863005,Atrial septal defect as current complication following acute myocardial infarction
covariate_comorbidities,myocardial_infarction,GDPPR,233833005,Acute Q wave infarction - lateral (disorder)
covariate_comorbidities,myocardial_infarction,GDPPR,398274000,Coronary artery thrombosis (disorder)
covariate_comorbidities,myocardial_infarction,GDPPR,70422006,Acute subendocardial infarction
covariate_comorbidities,myocardial_infarction,GDPPR,42531007,Microinfarct of heart
covariate_comorbidities,myocardial_infarction,GDPPR,22298006,Myocardial infarction
covariate_comorbidities,myocardial_infarction,GDPPR,703213009,Acute ST segment elevation myocardial infarction of inferior wall (disorder)
covariate_comorbidities,myocardial_infarction,GDPPR,233827001,Acute Q wave infarction - anterolateral (disorder)
covariate_comorbidities,myocardial_infarction,GDPPR,233838001,Acute posterior myocardial infarction
covariate_comorbidities,myocardial_infarction,GDPPR,12238151000119107,Acute ST segment elevation myocardial infarction of inferoposterior wall (disorder)
covariate_comorbidities,myocardial_infarction,GDPPR,1089471000000109,Acute transmural myocardial infarction (disorder)
covariate_comorbidities,myocardial_infarction,GDPPR,62695002,Acute anteroseptal myocardial infarction
covariate_comorbidities,myocardial_infarction,GDPPR,315287002,Diabetes mellitus insulin-glucose infusion in acute myocardial infarction
covariate_comorbidities,myocardial_infarction,GDPPR,233843008,Silent myocardial infarction
covariate_comorbidities,myocardial_infarction,GDPPR,394659003,Acute coronary syndrome (disorder)
covariate_comorbidities,myocardial_infarction,GDPPR,79009004,Acute myocardial infarction of septum
covariate_comorbidities,myocardial_infarction,GDPPR,285991000119100,Acute ST segment elevation myocardial infarction involving left main coronary artery (disorder)
covariate_comorbidities,myocardial_infarction,GDPPR,161503005,H/O: myocardial infarct at greater than 60
covariate_comorbidities,myocardial_infarction,GDPPR,73795002,Acute myocardial infarction of inferior wall
covariate_comorbidities,myocardial_infarction,GDPPR,52035003,Acute anteroapical myocardial infarction
covariate_comorbidities,myocardial_infarction,GDPPR,233830008,Acute non-Q wave infarction - inferior (disorder)
covariate_comorbidities,myocardial_infarction,GDPPR,311796008,Postoperative subendocardial myocardial infarction
covariate_comorbidities,myocardial_infarction,GDPPR,194802003,True posterior myocardial infarction
covariate_comorbidities,myocardial_infarction,GDPPR,233832000,Acute non-Q wave infarction - inferolateral (disorder)
covariate_comorbidities,myocardial_infarction,GDPPR,308065005,H/O: Myocardial infarction in last year
covariate_comorbidities,myocardial_infarction,GDPPR,371068009,Myocardial infarction with complication (disorder)
covariate_comorbidities,myocardial_infarction,GDPPR,70211005,Acute myocardial infarction of anterolateral wall
covariate_comorbidities,myocardial_infarction,GDPPR,401303003,Acute ST segment elevation myocardial infarction (disorder)
covariate_comorbidities,myocardial_infarction,GDPPR,194862000,Haemopericardium as current complication following acute myocardial infarction
covariate_comorbidities,myocardial_infarction,GDPPR,57054005,Acute myocardial infarction
covariate_comorbidities,myocardial_infarction,GDPPR,10273003,Acute infarction of papillary muscle
covariate_comorbidities,myocardial_infarction,GDPPR,54329005,Acute myocardial infarction of anterior wall
covariate_comorbidities,myocardial_infarction,GDPPR,233831007,Acute Q wave infarction - inferolateral (disorder)
covariate_comorbidities,myocardial_infarction,GDPPR,233846000,Ventricular septal defect as current complication following acute myocardial infarction
covariate_comorbidities,myocardial_infarction,GDPPR,703209002,Subsequent ST segment elevation myocardial infarction of inferior wall (disorder)
covariate_comorbidities,myocardial_infarction,GDPPR,307140009,Acute non-Q wave infarction
covariate_comorbidities,myocardial_infarction,GDPPR,66189004,Postmyocardial infarction syndrome
covariate_comorbidities,myocardial_infarction,GDPPR,15712881000119105,Acute ST segment elevation myocardial infarction of anterolateral wall (disorder)
covariate_comorbidities,myocardial_infarction,GDPPR,15990001,Acute myocardial infarction of posterolateral wall
covariate_comorbidities,myocardial_infarction,GDPPR,304914007,Acute Q wave myocardial infarction
covariate_comorbidities,myocardial_infarction,GDPPR,401314000,Acute non-ST segment elevation myocardial infarction (disorder)
covariate_comorbidities,myocardial_infarction,GDPPR,311792005,Postoperative transmural myocardial infarction of anterior wall
covariate_comorbidities,myocardial_infarction,GDPPR,311793000,Postoperative transmural myocardial infarction of inferior wall
covariate_comorbidities,myocardial_infarction,GDPPR,194868001,"Thrombosis of atrium, auricular appendage, and ventricle as current complications following acute myocardial infarction"
covariate_comorbidities,myocardial_infarction,GDPPR,194809007,Acute atrial infarction
covariate_comorbidities,myocardial_infarction,GDPPR,703164000,Acute ST segment elevation myocardial infarction of anterior wall (disorder)
covariate_comorbidities,myocardial_infarction,GDPPR,58612006,Acute myocardial infarction of lateral wall
covariate_comorbidities,myocardial_infarction,GDPPR,314207007,Non-Q wave myocardial infarction (disorder)
covariate_comorbidities,myocardial_infarction,GDPPR,428752002,Recent myocardial infarction (situation)
covariate_comorbidities,myocardial_infarction,GDPPR,233825009,Acute Q wave infarction - anteroseptal (disorder)
covariate_comorbidities,myocardial_infarction,GDPPR,698593009,History of non-ST segment elevation myocardial infarction (situation)
covariate_comorbidities,myocardial_infarction,GDPPR,76593002,Acute myocardial infarction of inferoposterior wall
covariate_comorbidities,myocardial_infarction,GDPPR,194857001,Subsequent myocardial infarction of anterior wall
covariate_comorbidities,myocardial_infarction,GDPPR,1755008,Old myocardial infarction
covariate_comorbidities,myocardial_infarction,GDPPR,233835003,Acute widespread myocardial infarction (disorder)
covariate_comorbidities,myocardial_infarction,GDPPR,233834004,Acute non-Q wave infarction - lateral (disorder)
covariate_comorbidities,myocardial_infarction,GDPPR,703211006,Subsequent ST segment elevation myocardial infarction (disorder)
covariate_comorbidities,myocardial_infarction,GDPPR,399211009,History of - myocardial infarction (context-dependent category)
covariate_comorbidities,myocardial_infarction,HES-APC,I241,Dressler's syndrome
covariate_comorbidities,myocardial_infarction,HES-APC,I23,Certain current complications following acute myocardial infarction
covariate_comorbidities,myocardial_infarction,HES-APC,I21,Acute myocardial infarction
covariate_comorbidities,myocardial_infarction,HES-APC,I252,Old myocardial infarction
covariate_comorbidities,myocardial_infarction,HES-APC,I22,Subsequent myocardial infarction
covariate_comorbidities,hypercholesterolaemia,GDPPR,238088006,Primary combined hyperlipidemia (disorder)
covariate_comorbidities,hypercholesterolaemia,GDPPR,267432004,Pure hypercholesterolaemia
covariate_comorbidities,hypercholesterolaemia,GDPPR,238038003,Familial hyperlipoproteinemia (disorder)
covariate_comorbidities,hypercholesterolaemia,GDPPR,34349009,Familial type 5 hyperlipoproteinemia (disorder)
covariate_comorbidities,hypercholesterolaemia,GDPPR,397915002,Fredrickson type IIa hyperlipoproteinemia (disorder)
covariate_comorbidities,hypercholesterolaemia,GDPPR,925211000000100,Familial hypercholesterolaemia targeted genetic test (procedure)
covariate_comorbidities,hypercholesterolaemia,GDPPR,445010006,Low density lipoprotein receptor mutation (disorder)
covariate_comorbidities,hypercholesterolaemia,GDPPR,267435002,Familial hyperchylomicronemia (disorder)
covariate_comorbidities,hypercholesterolaemia,GDPPR,238078005,Familial hypercholesterolemia - homozygous (disorder)
covariate_comorbidities,hypercholesterolaemia,GDPPR,267434003,Mixed hyperlipidemia (disorder)
covariate_comorbidities,hypercholesterolaemia,GDPPR,238040008,Familial combined hyperlipidemia (disorder)
covariate_comorbidities,hypercholesterolaemia,GDPPR,473145005,Possible familial hypercholesterolemia (situation)
covariate_comorbidities,hypercholesterolaemia,GDPPR,238079002,Familial hypercholesterolemia - heterozygous (disorder)
covariate_comorbidities,hypercholesterolaemia,GDPPR,34528009,Familial hypertriglyceridemia (disorder)
covariate_comorbidities,hypercholesterolaemia,GDPPR,398036000,Familial hypercholesterolemia (disorder)
covariate_comorbidities,hypercholesterolaemia,GDPPR,190774002,"Hyperlipidemia, group A (disorder)"
covariate_comorbidities,hypercholesterolaemia,GDPPR,398796005,Familial type 3 hyperlipoproteinemia (disorder)
covariate_comorbidities,hypercholesterolaemia,GDPPR,403830007,Familial hypercholesterolemia due to homozygous low density lipoprotein receptor mutation (disorder)
covariate_comorbidities,hypercholesterolaemia,GDPPR,238081000,Familial defective apolipoprotein B-100 (disorder)
covariate_comorbidities,hypercholesterolaemia,GDPPR,513831000000107,Possible heterozygous familial hypercholesterolaemia (situation)
covariate_comorbidities,hypercholesterolaemia,GDPPR,867261000000106,Probable familial hypercholesterolaemia (situation)
covariate_comorbidities,hypercholesterolaemia,GDPPR,238076009,Primary hypercholesterolemia (disorder)
covariate_comorbidities,hypercholesterolaemia,GDPPR,166831007,Serum cholesterol very high
covariate_comorbidities,hypercholesterolaemia,GDPPR,403829002,Familial hypercholesterolemia due to heterozygous low density lipoprotein receptor mutation (disorder)
covariate_comorbidities,hypercholesterolaemia,GDPPR,403831006,Familial hypercholesterolemia due to genetic defect of apolipoprotein B (disorder)
covariate_comorbidities,hypercholesterolaemia,GDPPR,190773008,Hyperbetalipoproteinemia (disorder)
covariate_comorbidities,hypercholesterolaemia,GDPPR,57218003,Cholesterol ester storage disease (disorder)
covariate_comorbidities,hypercholesterolaemia,GDPPR,238086005,Fredrickson type I hyperlipoproteinemia (disorder)
covariate_comorbidities,hypercholesterolaemia,GDPPR,238083002,Primary hypertriglyceridemia (disorder)
covariate_comorbidities,hypercholesterolaemia,GDPPR,33513003,Familial apolipoprotein C-II deficiency (disorder)
covariate_comorbidities,hypercholesterolaemia,GDPPR,238077000,Polygenic hypercholesterolaemia
covariate_comorbidities,depression,GDPPR,310497006,Severe depression (disorder)
covariate_comorbidities,depression,GDPPR,192049004,Prolonged depressive adjustment reaction (disorder)
covariate_comorbidities,depression,GDPPR,251000119105,"Severe major depression, single episode (disorder)"
covariate_comorbidities,depression,GDPPR,191616006,Recurrent depression (disorder)
covariate_comorbidities,depression,GDPPR,75084000,Severe major depression without psychotic features (disorder)
covariate_comorbidities,depression,GDPPR,191459006,Senile dementia with depression (disorder)
covariate_comorbidities,depression,GDPPR,83458005,Agitated depression (disorder)
covariate_comorbidities,depression,GDPPR,698957003,Depressive disorder in remission (disorder)
covariate_comorbidities,depression,GDPPR,300706003,Endogenous depression (disorder)
covariate_comorbidities,depression,GDPPR,397711000000100,[X]Severe depressive episode with psychotic symptoms (disorder)
covariate_comorbidities,depression,GDPPR,79298009,"Mild major depression, single episode (disorder)"
covariate_comorbidities,depression,GDPPR,191659001,Atypical depressive disorder (disorder)
covariate_comorbidities,depression,GDPPR,87512008,Mild major depression (disorder)
covariate_comorbidities,depression,GDPPR,18818009,Moderate recurrent major depression (disorder)
covariate_comorbidities,depression,GDPPR,70747007,"Major depression single episode, in partial remission (disorder)"
covariate_comorbidities,depression,GDPPR,268621008,Recurrent major depressive episodes (disorder)
covariate_comorbidities,depression,GDPPR,191455000,Presenile dementia with depression (disorder)
covariate_comorbidities,depression,GDPPR,231500002,Masked depression (disorder)
covariate_comorbidities,depression,GDPPR,40379007,Mild recurrent major depression (disorder)
covariate_comorbidities,depression,GDPPR,191601008,"Single major depressive episode, mild (disorder)"
covariate_comorbidities,depression,GDPPR,84760002,"Schizoaffective disorder, depressive type (disorder)"
covariate_comorbidities,depression,GDPPR,28475009,Severe recurrent major depression with psychotic features (disorder)
covariate_comorbidities,depression,GDPPR,76441001,"Severe major depression, single episode, without psychotic features (disorder)"
covariate_comorbidities,depression,GDPPR,36923009,"Major depression, single episode (disorder)"
covariate_comorbidities,depression,GDPPR,231499006,Endogenous depression first episode (disorder)
covariate_comorbidities,depression,GDPPR,36474008,Severe recurrent major depression without psychotic features (disorder)
covariate_comorbidities,depression,GDPPR,430421000000104,[X]Mild depressive episode (disorder)
covariate_comorbidities,depression,GDPPR,15639000,"Moderate major depression, single episode (disorder)"
covariate_comorbidities,depression,GDPPR,231485007,Post-schizophrenic depression (disorder)
covariate_comorbidities,depression,GDPPR,1089631000000109,Recurrent depression with current severe episode without psychotic features (disorder)
covariate_comorbidities,depression,GDPPR,35489007,Depressive disorder (disorder)
covariate_comorbidities,depression,GDPPR,755321000000106,"Single major depressive episode, severe, with psychosis, psychosis in remission (disorder)"
covariate_comorbidities,depression,GDPPR,764611000000100,"Recurrent major depressive episodes, severe (disorder)"
covariate_comorbidities,depression,GDPPR,191604000,"Single major depressive episode, severe, with psychosis (disorder)"
covariate_comorbidities,depression,GDPPR,1089641000000100,Recurrent depression with current moderate episode (disorder)
covariate_comorbidities,depression,GDPPR,40568001,Recurrent brief depressive disorder (disorder)
covariate_comorbidities,depression,GDPPR,1086661000000108,"Reactive depression, prolonged single episode (disorder)"
covariate_comorbidities,depression,GDPPR,397701000000102,[X]Severe depressive episode without psychotic symptoms (disorder)
covariate_comorbidities,depression,GDPPR,16264901000119109,Recurrent moderate major depressive disorder co-occurrent with anxiety (disorder)
covariate_comorbidities,depression,GDPPR,25922000,"Major depressive disorder, single episode with postpartum onset (disorder)"
covariate_comorbidities,depression,GDPPR,765176007,Psychosis and severe depression co-occurrent and due to bipolar affective disorder (disorder)
covariate_comorbidities,depression,GDPPR,16265951000119109,Mild major depressive disorder co-occurrent with anxiety single episode (disorder)
covariate_comorbidities,depression,GDPPR,274948002,Endogenous depression - recurrent (disorder)
covariate_comorbidities,depression,GDPPR,191613003,"Recurrent major depressive episodes, severe, with psychosis (disorder)"
covariate_comorbidities,depression,GDPPR,191676002,Reactive depressive psychosis (disorder)
covariate_comorbidities,depression,GDPPR,832007,Moderate major depression (disorder)
covariate_comorbidities,depression,GDPPR,231504006,Mixed anxiety and depressive disorder (disorder)
covariate_comorbidities,depression,GDPPR,191610000,"Recurrent major depressive episodes, mild (disorder)"
covariate_comorbidities,depression,GDPPR,78667006,Dysthymia (disorder)
covariate_comorbidities,depression,GDPPR,191611001,"Recurrent major depressive episodes, moderate (disorder)"
covariate_comorbidities,depression,GDPPR,192080009,Chronic depression (disorder)
covariate_comorbidities,depression,GDPPR,764691000000109,"Recurrent major depressive episodes, in partial remission (disorder)"
covariate_comorbidities,depression,GDPPR,310496002,Moderate depression (disorder)
covariate_comorbidities,depression,GDPPR,73867007,Severe major depression with psychotic features (disorder)
covariate_comorbidities,depression,GDPPR,720453001,Moderately severe major depression single episode (disorder)
covariate_comorbidities,depression,GDPPR,1086471000000103,"Recurrent reactive depressive episodes, severe, with psychosis (disorder)"
covariate_comorbidities,depression,GDPPR,16266831000119100,Moderate major depressive disorder co-occurrent with anxiety single episode (disorder)
covariate_comorbidities,depression,GDPPR,87414006,Reactive depression (situational) (disorder)
covariate_comorbidities,depression,GDPPR,465441000000108,[X]Moderate depressive episode (disorder)
covariate_comorbidities,depression,GDPPR,357705009,Cotard's syndrome (disorder)
covariate_comorbidities,depression,GDPPR,310495003,Mild depression (disorder)
covariate_comorbidities,depression,GDPPR,247803002,Seasonal affective disorder (disorder)
covariate_comorbidities,depression,GDPPR,755331000000108,"Recurrent major depressive episodes, severe, with psychosis, psychosis in remission (disorder)"
covariate_comorbidities,depression,GDPPR,1089511000000100,Recurrent depression with current severe episode and psychotic features (disorder)
covariate_comorbidities,depression,GDPPR,19527009,Single episode of major depression in full remission (disorder)
covariate_comorbidities,depression,GDPPR,370143000,Major depressive disorder (disorder)
covariate_comorbidities,depression,GDPPR,16264621000119109,Recurrent mild major depressive disorder co-occurrent with anxiety (disorder)
covariate_comorbidities,depression,HES-APC,F33,Recurrent depressive disorder
covariate_comorbidities,depression,HES-APC,F32,Depressive episode
covariate_comorbidities,deep_vein_thrombosis,GDPPR,195230003,"Cerebral infarction due to cerebral venous thrombosis, non-pyogenic"
covariate_comorbidities,deep_vein_thrombosis,HES-APC,O082,Embolism following abortion and ectopic and molar pregnancy
covariate_comorbidities,deep_vein_thrombosis,HES-APC,I81,Portal vein thrombosis
covariate_comorbidities,deep_vein_thrombosis,HES-APC,O871,Deep phlebothrombosis in the puerperium
covariate_comorbidities,deep_vein_thrombosis,HES-APC,I828,Embolism and thrombosis of other specified veins
covariate_comorbidities,deep_vein_thrombosis,HES-APC,I820,Budd-Chiari syndrome
covariate_comorbidities,deep_vein_thrombosis,HES-APC,I822,Embolism and thrombosis of vena cava
covariate_comorbidities,deep_vein_thrombosis,HES-APC,O223,Deep phlebothrombosis in pregnancy
covariate_comorbidities,deep_vein_thrombosis,HES-APC,I829,Embolism and thrombosis of unspecified vein
covariate_comorbidities,deep_vein_thrombosis,HES-APC,I823,Embolism and thrombosis of renal vein
covariate_comorbidities,deep_vein_thrombosis,HES-APC,I802,Phlebitis and thrombophlebitis of other deep vessels of lower extremities
covariate_comorbidities,deep_vein_thrombosis,HES-APC,I801,Phlebitis and thrombophlebitis of femoral vein
covariate_comorbidities,deep_vein_thrombosis,HES-APC,I676,Nonpyogenic thrombosis of intracranial venous system
covariate_comorbidities,deep_vein_thrombosis,HES-APC,I636,"Cerebral infarction due to cerebral venous thrombosis,nonpyogenic"
covariate_comorbidities,deep_vein_thrombosis,HES-APC,G08,Intracranial and intraspinal phlebitis and thrombophlebitis
covariate_comorbidities,liver_disease,GDPPR,173660005,Rigid oesophagoscopy and injection sclerotherapy of varices
covariate_comorbidities,liver_disease,GDPPR,427022004,Liver disease due to cystic fibrosis
covariate_comorbidities,liver_disease,GDPPR,197296006,Capsular portal cirrhosis
covariate_comorbidities,liver_disease,GDPPR,235910007,Liver transplant disorder
covariate_comorbidities,liver_disease,GDPPR,235897005,Hypoxia-associated cirrhosis
covariate_comorbidities,liver_disease,GDPPR,197301006,Toxic portal cirrhosis
covariate_comorbidities,liver_disease,GDPPR,197293003,Diffuse nodular cirrhosis
covariate_comorbidities,liver_disease,GDPPR,197305002,Syphilitic portal cirrhosis
covariate_comorbidities,liver_disease,GDPPR,186639003,Chronic viral hepatitis B without delta-agent
covariate_comorbidities,liver_disease,GDPPR,81675001,Chronic yellow atrophy
covariate_comorbidities,liver_disease,GDPPR,173679008,Balloon tamponade of oesophagus
covariate_comorbidities,liver_disease,GDPPR,197291001,Unilobular portal cirrhosis
covariate_comorbidities,liver_disease,GDPPR,235213002,Balloon tamponade of oesophagus using Minnesota tube
covariate_comorbidities,liver_disease,GDPPR,195475003,Oesophageal varices with bleeding in diseases EC
covariate_comorbidities,liver_disease,GDPPR,235458006,Exploration liver (& transplanted)
covariate_comorbidities,liver_disease,GDPPR,265437009,Exploration liver (& transplanted)
covariate_comorbidities,liver_disease,GDPPR,21861000,Micronodular cirrhosis
covariate_comorbidities,liver_disease,GDPPR,197360009,Toxic liver disease with chronic lobular hepatitis
covariate_comorbidities,liver_disease,GDPPR,400381000000101,[V]Assessment for liver transplant
covariate_comorbidities,liver_disease,GDPPR,266470007,Cirrhosis: [cardiac portal] or [congestive]
covariate_comorbidities,liver_disease,GDPPR,773411000000107,Compensation for liver failure NOS
covariate_comorbidities,liver_disease,GDPPR,197324004,Liver abscess and sequelae of chronic liver disease
covariate_comorbidities,liver_disease,GDPPR,197441003,Primary sclerosing cholangitis
covariate_comorbidities,liver_disease,GDPPR,235869004,Chronic viral hepatitis B with hepatitis D
covariate_comorbidities,liver_disease,GDPPR,34742003,Portal hypertension
covariate_comorbidities,liver_disease,GDPPR,15999000,Mixed portal cirrhosis
covariate_comorbidities,liver_disease,GDPPR,40946000,[X]Unspecified viral hepatitis with coma
covariate_comorbidities,liver_disease,GDPPR,235901004,Hepatic fibrosis with hepatic sclerosis
covariate_comorbidities,liver_disease,GDPPR,197300007,Pipestem portal cirrhosis
covariate_comorbidities,liver_disease,GDPPR,328383001,Chronic liver disease NOS
covariate_comorbidities,liver_disease,GDPPR,235898000,Pericellular fibrosis of congenital syphilis
covariate_comorbidities,liver_disease,GDPPR,419531000000100,[X]Other chronic viral hepatitis
covariate_comorbidities,liver_disease,GDPPR,271440004,Cirrhosis secondary to cholestasis
covariate_comorbidities,liver_disease,GDPPR,213153001,Liver transplant failure and rejection
covariate_comorbidities,liver_disease,GDPPR,197362001,Toxic liver disease with fibrosis and cirrhosis of liver
covariate_comorbidities,liver_disease,GDPPR,57339008,Chronic lobular hepatitis
covariate_comorbidities,liver_disease,GDPPR,197284004,Chronic active hepatitis
covariate_comorbidities,liver_disease,GDPPR,28670008,[X]Oesophageal varices in diseases classified elsewhere
covariate_comorbidities,liver_disease,GDPPR,174427006,Replacement of previous liver transplant
covariate_comorbidities,liver_disease,GDPPR,235895002,(Liver cirrhos: [named vars] or [NOS]) or (hepat fibrosis)
covariate_comorbidities,liver_disease,GDPPR,235881000,Alcoholic hepatic failure
covariate_comorbidities,liver_disease,GDPPR,213230009,Hepatic failure as a complication of care
covariate_comorbidities,liver_disease,GDPPR,213231008,Hepatorenal syndrome as a complication of care
covariate_comorbidities,liver_disease,GDPPR,91109007,Gastric varices
covariate_comorbidities,liver_disease,GDPPR,235912004,Liver transplant failure
covariate_comorbidities,liver_disease,GDPPR,197270009,Acute hepatic failure
covariate_comorbidities,liver_disease,GDPPR,186628001,Viral hepatitis C with coma
covariate_comorbidities,liver_disease,GDPPR,204782009,Atresia of hepatic ducts
covariate_comorbidities,liver_disease,GDPPR,173621008,Open injection sclerotherapy to oesophageal varices
covariate_comorbidities,liver_disease,GDPPR,77480004,Atresia of bile ducts
covariate_comorbidities,liver_disease,GDPPR,444071000000104,[X]Unspecified viral hepatitis with coma
covariate_comorbidities,liver_disease,GDPPR,235899008,Hepatic sclerosis
covariate_comorbidities,liver_disease,GDPPR,43904005,Macronodular cirrhosis
covariate_comorbidities,liver_disease,GDPPR,419728003,Cirrhosis: [florid] or [alcoholic]
covariate_comorbidities,liver_disease,GDPPR,1761006,Biliary cirrhosis
covariate_comorbidities,liver_disease,GDPPR,197294009,Fatty portal cirrhosis
covariate_comorbidities,liver_disease,GDPPR,173661009,Rigid oesophagoscopy and banding of oesophageal varices
covariate_comorbidities,liver_disease,GDPPR,128302006,Chronic viral hepatitis C
covariate_comorbidities,liver_disease,GDPPR,197279005,Cirrhosis and chronic liver disease
covariate_comorbidities,liver_disease,GDPPR,174426002,Heterotopic liver transplant
covariate_comorbidities,liver_disease,GDPPR,50325005,Alcoholic fatty liver
covariate_comorbidities,liver_disease,GDPPR,197359004,Toxic liver disease with chronic persistent hepatitis
covariate_comorbidities,liver_disease,GDPPR,6183001,Cirrhosis: [juv portal] or [childh funct] or [Indian childh]
covariate_comorbidities,liver_disease,GDPPR,309783001,Oesophageal varices in alcoholic cirrhosis of the liver
covariate_comorbidities,liver_disease,GDPPR,235889003,Drug-induced chronic hepatitis
covariate_comorbidities,liver_disease,GDPPR,308129003,Oesophageal varices in cirrhosis of the liver
covariate_comorbidities,liver_disease,GDPPR,428198008,Transplantation of liver cells
covariate_comorbidities,liver_disease,GDPPR,226941000000100,Transplantation of liver cells
covariate_comorbidities,liver_disease,GDPPR,737297006,[V]Liver transplanted
covariate_comorbidities,liver_disease,GDPPR,426356008,Orthotopic transplantation of whole liver
covariate_comorbidities,liver_disease,GDPPR,419541000000109,"[X]Chronic viral hepatitis, unspecified"
covariate_comorbidities,liver_disease,GDPPR,174425003,Orthotopic liver transplant
covariate_comorbidities,liver_disease,GDPPR,18027006,Liver transplant
covariate_comorbidities,liver_disease,GDPPR,79720007,Other non-alcoholic chronic liver disease
covariate_comorbidities,liver_disease,GDPPR,59927004,Hepatic failure
covariate_comorbidities,liver_disease,GDPPR,19943007,[X]Other and unspecified cirrhosis of liver
covariate_comorbidities,liver_disease,GDPPR,3738000,[X]Other chronic viral hepatitis
covariate_comorbidities,liver_disease,GDPPR,197299004,Pigmentary portal cirrhosis
covariate_comorbidities,liver_disease,GDPPR,67364009,Local ligation of oesophageal varices
covariate_comorbidities,liver_disease,GDPPR,776981000000103,Cystic fibrosis related cirrhosis
covariate_comorbidities,liver_disease,GDPPR,235870003,Chronic non-A non-B hepatitis
covariate_comorbidities,liver_disease,GDPPR,266469006,Cirrhosis of liver: [multilobular portal] or [postnecrotic]
covariate_comorbidities,liver_disease,GDPPR,41889008,Chronic persistent hepatitis
covariate_comorbidities,liver_disease,GDPPR,235900003,Portal and splenic vein sclerosis
covariate_comorbidities,liver_disease,GDPPR,10295004,[X]Other chronic viral hepatitis
covariate_comorbidities,liver_disease,GDPPR,79607001,Congenital hepatic fibrosis
covariate_comorbidities,liver_disease,GDPPR,20415001,Progressive neuronal degeneration with liver cirrhosis
covariate_comorbidities,liver_disease,GDPPR,197361008,Toxic liver disease with chronic active hepatitis
covariate_comorbidities,liver_disease,GDPPR,89580002,(Liver cirrhos: [named vars] or [NOS]) or (hepat fibrosis)
covariate_comorbidities,liver_disease,GDPPR,235902006,Intrahepatic phlebosclerosis and fibrosis
covariate_comorbidities,liver_disease,GDPPR,74669004,Cirrhosis: [cardiac portal] or [congestive]
covariate_comorbidities,liver_disease,GDPPR,464381000000109,[V]Liver transplanted
covariate_comorbidities,liver_disease,GDPPR,426841006,Fibreopt endoscop rubber band ligation of upper GIT varices
covariate_comorbidities,liver_disease,GDPPR,31742004,Alagille syndrome
covariate_comorbidities,liver_disease,GDPPR,31712002,Primary biliary cirrhosis
covariate_comorbidities,liver_disease,GDPPR,76783007,Chronic hepatitis
covariate_comorbidities,liver_disease,GDPPR,266468003,Cirrhosis - non-alcoholic
covariate_comorbidities,liver_disease,GDPPR,266471006,Cirrhosis: [juv portal] or [childh funct] or [Indian childh]
covariate_comorbidities,liver_disease,GDPPR,307757001,Chronic alcoholic hepatitis
covariate_comorbidities,liver_disease,GDPPR,417371000000102,[X]Oesophageal varices in diseases classified elsewhere
covariate_comorbidities,liver_disease,GDPPR,12368000,Secondary biliary cirrhosis
covariate_comorbidities,liver_disease,GDPPR,9953008,Acute alcoholic hepatitis
covariate_comorbidities,liver_disease,GDPPR,197303009,Bacterial portal cirrhosis
covariate_comorbidities,liver_disease,GDPPR,197275004,Subacute hepatic failure
covariate_comorbidities,liver_disease,GDPPR,173639004,Fibreoptic oesophagoscopy & injection sclerotherapy varices
covariate_comorbidities,liver_disease,GDPPR,235885009,Subfulminant hepatic failure
covariate_comorbidities,liver_disease,GDPPR,82821008,Atresia of bile duct (& [intrahepatic] or [extrahepatic]
covariate_comorbidities,liver_disease,GDPPR,235911006,Liver transplant rejection
covariate_comorbidities,liver_disease,GDPPR,197316009,Portal fibrosis without cirrhosis
covariate_comorbidities,liver_disease,GDPPR,408335007,Autoimmune hepatitis
covariate_comorbidities,liver_disease,GDPPR,470971000000107,[X]Other and unspecified cirrhosis of liver
covariate_comorbidities,liver_disease,GDPPR,68094008,Congenital hypoplasia of bile duct
covariate_comorbidities,liver_disease,GDPPR,17709002,Bleeding oesophageal varices
covariate_comorbidities,liver_disease,GDPPR,14223005,Oesophageal varices without bleeding
covariate_comorbidities,liver_disease,GDPPR,51292008,Hepatorenal syndrome
covariate_comorbidities,liver_disease,GDPPR,41309000,Alcoholic liver damage unspecified
covariate_comorbidities,liver_disease,GDPPR,123604002,Toxic cirrhosis
covariate_comorbidities,liver_disease,GDPPR,235884008,Fulminant hepatic failure
covariate_comorbidities,liver_disease,GDPPR,1287007,Congenital absence of bile duct
covariate_comorbidities,liver_disease,GDPPR,197286002,Recurrent hepatitis
covariate_comorbidities,liver_disease,GDPPR,76301009,Cirrhosis: [florid] or [alcoholic]
covariate_comorbidities,liver_disease,GDPPR,362421000000102,Chronic hepatitis annual review
covariate_comorbidities,liver_disease,GDPPR,235875008,Alcoholic hepatitis
covariate_comorbidities,liver_disease,GDPPR,61977001,Chronic viral hepatitis B
covariate_comorbidities,liver_disease,GDPPR,173641003,Fibreoptic oesophagoscopy and banding of oesophageal varices
covariate_comorbidities,liver_disease,GDPPR,253807009,Atresia of bile duct (& [intrahepatic] or [extrahepatic]
covariate_comorbidities,liver_disease,GDPPR,420054005,Cirrhosis: [florid] or [alcoholic]
covariate_comorbidities,liver_disease,GDPPR,204781002,Congenital absence of hepatic ducts
covariate_comorbidities,liver_disease,GDPPR,197310003,Biliary cirrhosis of children
covariate_comorbidities,liver_disease,GDPPR,173617001,Open operations on oesophageal varices
covariate_comorbidities,liver_disease,GDPPR,62484002,(Liver cirrhos: [named vars] or [NOS]) or (hepat fibrosis)
covariate_comorbidities,liver_disease,GDPPR,195476002,Oesophageal varices without bleeding in diseases EC
covariate_comorbidities,liver_disease,GDPPR,195474004,Oesophageal varices in diseases EC
covariate_comorbidities,liver_disease,GDPPR,34736002,Chronic passive congestion of liver
covariate_comorbidities,liver_disease,GDPPR,413438002,Acute hepatic failure due to drugs
covariate_comorbidities,liver_disease,GDPPR,235896001,Infectious cirrhosis NOS
covariate_comorbidities,liver_disease,GDPPR,235886005,Chronic hepatic failure
covariate_comorbidities,liver_disease,GDPPR,235880004,Alcoholic fibrosis and sclerosis of liver
covariate_comorbidities,liver_disease,GDPPR,235212007,Balln tamponade oesophagus using Sengstaken-Blakemore tube
covariate_comorbidities,liver_disease,GDPPR,235916001,Ichthyosis congenita with biliary atresia
covariate_comorbidities,liver_disease,GDPPR,197368002,Hepatic granulomas in sarcoidosis
covariate_comorbidities,liver_disease,HES-APC,K703,Alcoholic cirrhosis of liver
covariate_comorbidities,liver_disease,HES-APC,K741,Hepatic sclerosis
covariate_comorbidities,liver_disease,HES-APC,K701,Alcoholic hepatitis
covariate_comorbidities,liver_disease,HES-APC,K744,Secondary biliary cirrhosis
covariate_comorbidities,liver_disease,HES-APC,K742,Hepatic fibrosis with hepatic sclerosis
covariate_comorbidities,liver_disease,HES-APC,K740,Hepatic fibrosis
covariate_comorbidities,liver_disease,HES-APC,K745,"Biliary cirrhosis, unspecified"
covariate_comorbidities,liver_disease,HES-APC,K702,Alcoholic fibrosis and sclerosis of liver
covariate_comorbidities,liver_disease,HES-APC,K717,Toxic liver disease with fibrosis and cirrhosis of liver
covariate_comorbidities,liver_disease,HES-APC,K746,Other and unspecified cirrhosis of liver
covariate_comorbidities,chronic_kidney_disease,GDPPR,950181000000106,Chronic kidney disease with glomerular filtration rate category G4 and albuminuria category A1 (disorder)
covariate_comorbidities,chronic_kidney_disease,GDPPR,700378005,Chronic kidney disease stage 3A (disorder)
covariate_comorbidities,chronic_kidney_disease,GDPPR,950101000000101,Chronic kidney disease with glomerular filtration rate category G3b and albuminuria category A3 (disorder)
covariate_comorbidities,chronic_kidney_disease,GDPPR,324501000000107,Chronic kidney disease stage 5 with proteinuria (disorder)
covariate_comorbidities,chronic_kidney_disease,GDPPR,129151000119102,Chronic kidney disease stage 4 due to hypertension (disorder)
covariate_comorbidities,chronic_kidney_disease,GDPPR,324281000000104,Chronic kidney disease stage 3 without proteinuria (disorder)
covariate_comorbidities,chronic_kidney_disease,GDPPR,949421000000107,Chronic kidney disease with glomerular filtration rate category G1 and albuminuria category A2 (disorder)
covariate_comorbidities,chronic_kidney_disease,GDPPR,129171000119106,Chronic kidney disease stage 3 due to hypertension (disorder)
covariate_comorbidities,chronic_kidney_disease,GDPPR,950311000000102,Chronic kidney disease with glomerular filtration rate category G5 and albuminuria category A3 (disorder)
covariate_comorbidities,chronic_kidney_disease,GDPPR,324471000000100,Chronic kidney disease stage 4 without proteinuria (disorder)
covariate_comorbidities,chronic_kidney_disease,GDPPR,433144002,Chronic kidney disease stage 3 (disorder)
covariate_comorbidities,chronic_kidney_disease,GDPPR,949561000000100,Chronic kidney disease with glomerular filtration rate category G2 and albuminuria category A2 (disorder)
covariate_comorbidities,chronic_kidney_disease,GDPPR,324121000000109,Chronic kidney disease stage 1 with proteinuria (disorder)
covariate_comorbidities,chronic_kidney_disease,GDPPR,949901000000109,Chronic kidney disease with glomerular filtration rate category G3a and albuminuria category A2 (disorder)
covariate_comorbidities,chronic_kidney_disease,GDPPR,700379002,Chronic kidney disease stage 3B (disorder)
covariate_comorbidities,chronic_kidney_disease,GDPPR,949481000000108,Chronic kidney disease with glomerular filtration rate category G1 and albuminuria category A3 (disorder)
covariate_comorbidities,chronic_kidney_disease,GDPPR,431856006,Chronic kidney disease stage 2 (disorder)
covariate_comorbidities,chronic_kidney_disease,GDPPR,324441000000106,Chronic kidney disease stage 4 with proteinuria (disorder)
covariate_comorbidities,chronic_kidney_disease,GDPPR,324541000000105,Chronic kidney disease stage 5 without proteinuria (disorder)
covariate_comorbidities,chronic_kidney_disease,GDPPR,324211000000106,Chronic kidney disease stage 2 without proteinuria (disorder)
covariate_comorbidities,chronic_kidney_disease,GDPPR,324371000000106,Chronic kidney disease stage 3B with proteinuria (disorder)
covariate_comorbidities,chronic_kidney_disease,GDPPR,950081000000107,Chronic kidney disease with glomerular filtration rate category G3b and albuminuria category A2 (disorder)
covariate_comorbidities,chronic_kidney_disease,GDPPR,324411000000105,Chronic kidney disease stage 3B without proteinuria (disorder)
covariate_comorbidities,chronic_kidney_disease,GDPPR,950231000000104,Chronic kidney disease with glomerular filtration rate category G4 and albuminuria category A3 (disorder)
covariate_comorbidities,chronic_kidney_disease,GDPPR,324311000000101,Chronic kidney disease stage 3A with proteinuria (disorder)
covariate_comorbidities,chronic_kidney_disease,GDPPR,949521000000108,Chronic kidney disease with glomerular filtration rate category G2 and albuminuria category A1 (disorder)
covariate_comorbidities,chronic_kidney_disease,GDPPR,431857002,Chronic kidney disease stage 4 (disorder)
covariate_comorbidities,chronic_kidney_disease,GDPPR,949621000000109,Chronic kidney disease with glomerular filtration rate category G2 and albuminuria category A3 (disorder)
covariate_comorbidities,chronic_kidney_disease,GDPPR,433146000,Chronic kidney disease stage 5 (disorder)
covariate_comorbidities,chronic_kidney_disease,GDPPR,949401000000103,Chronic kidney disease with glomerular filtration rate category G1 and albuminuria category A1 (disorder)
covariate_comorbidities,chronic_kidney_disease,GDPPR,950251000000106,Chronic kidney disease with glomerular filtration rate category G5 and albuminuria category A1 (disorder)
covariate_comorbidities,chronic_kidney_disease,GDPPR,324181000000105,Chronic kidney disease stage 2 with proteinuria (disorder)
covariate_comorbidities,chronic_kidney_disease,GDPPR,950291000000103,Chronic kidney disease with glomerular filtration rate category G5 and albuminuria category A2 (disorder)
covariate_comorbidities,chronic_kidney_disease,GDPPR,731000119105,Chronic kidney disease stage 3 due to type 2 diabetes mellitus (disorder)
covariate_comorbidities,chronic_kidney_disease,GDPPR,950061000000103,Chronic kidney disease with glomerular filtration rate category G3b and albuminuria category A1 (disorder)
covariate_comorbidities,chronic_kidney_disease,GDPPR,324341000000100,Chronic kidney disease stage 3A without proteinuria (disorder)
covariate_comorbidities,chronic_kidney_disease,GDPPR,431855005,Chronic kidney disease stage 1 (disorder)
covariate_comorbidities,chronic_kidney_disease,GDPPR,949881000000106,Chronic kidney disease with glomerular filtration rate category G3a and albuminuria category A1 (disorder)
covariate_comorbidities,chronic_kidney_disease,GDPPR,949921000000100,Chronic kidney disease with glomerular filtration rate category G3a and albuminuria category A3 (disorder)
covariate_comorbidities,chronic_kidney_disease,GDPPR,324251000000105,Chronic kidney disease stage 3 with proteinuria (disorder)
covariate_comorbidities,chronic_kidney_disease,GDPPR,324151000000104,Chronic kidney disease stage 1 without proteinuria (disorder)
covariate_comorbidities,chronic_kidney_disease,GDPPR,950211000000107,Chronic kidney disease with glomerular filtration rate category G4 and albuminuria category A2 (disorder)
covariate_comorbidities,chronic_kidney_disease,GDPPR,714152005,Chronic kidney disease stage 5 on dialysis (disorder)
covariate_comorbidities,chronic_kidney_disease,HES-APC,Z940,Kidney transplant status
covariate_comorbidities,chronic_kidney_disease,HES-APC,Z992,Dependence on renal dialysis
covariate_comorbidities,chronic_kidney_disease,HES-APC,N185,"Chronic kidney disease, stage 5"
covariate_comorbidities,chronic_kidney_disease,HES-APC,N183,"Chronic kidney disease, stage 3"
covariate_comorbidities,chronic_kidney_disease,HES-APC,N01,Rapidly progressive nephritic syndrome
covariate_comorbidities,chronic_kidney_disease,HES-APC,N189,"Chronic kidney disease, unspecified"
covariate_comorbidities,chronic_kidney_disease,HES-APC,N181,"Chronic kidney disease, stage 1"
covariate_comorbidities,chronic_kidney_disease,HES-APC,N055,Unspecified nephritic syndrome ;  Diffuse mesangiocapillary glomerulonephritis
covariate_comorbidities,chronic_kidney_disease,HES-APC,N182,"Chronic kidney disease, stage 2"
covariate_comorbidities,chronic_kidney_disease,HES-APC,Z49,Care involving dialysis
covariate_comorbidities,chronic_kidney_disease,HES-APC,N052,Unspecified nephritic syndrome ;  Diffuse membranous glomerulonephritis
covariate_comorbidities,chronic_kidney_disease,HES-APC,N25,Disorders resulting from impaired renal tubular function
covariate_comorbidities,chronic_kidney_disease,HES-APC,N074,"Hereditary nephropathy, not elsewhere classified ;  Diffuse endocapillary proliferative glomerulonephritis"
covariate_comorbidities,chronic_kidney_disease,HES-APC,N19,Unspecified kidney failure
covariate_comorbidities,chronic_kidney_disease,HES-APC,N056,Unspecified nephritic syndrome ;  Dense deposit disease
covariate_comorbidities,chronic_kidney_disease,HES-APC,Y841,Kidney dialysis
covariate_comorbidities,chronic_kidney_disease,HES-APC,N072,"Hereditary nephropathy, not elsewhere classified ;  Diffuse membranous glomerulonephritis"
covariate_comorbidities,chronic_kidney_disease,HES-APC,T861,Kidney transplant failure and rejection
covariate_comorbidities,chronic_kidney_disease,HES-APC,N073,"Hereditary nephropathy, not elsewhere classified ;  Diffuse mesangial proliferative glomerulonephritis"
covariate_comorbidities,chronic_kidney_disease,HES-APC,N17,Acute renal failure
covariate_comorbidities,chronic_kidney_disease,HES-APC,N03,Chronic nephritic syndrome
covariate_comorbidities,chronic_kidney_disease,HES-APC,N10,Acute tubulo-interstitial nephritis
covariate_comorbidities,chronic_kidney_disease,HES-APC,N054,Unspecified nephritic syndrome ;  Diffuse endocapillary proliferative glomerulonephritis
covariate_comorbidities,chronic_kidney_disease,HES-APC,N184,"Chronic kidney disease, stage 4"
covariate_comorbidities,chronic_kidney_disease,HES-APC,N053,Unspecified nephritic syndrome ;  Diffuse mesangial proliferative glomerulonephritis
covariate_comorbidities,chronic_kidney_disease,HES-APC,N00,Acute nephritic syndrome
